Date,Name,Brand,Meal,Quantity,Unit,Calories,Protein (g),Carbs (g),Fat (g),Fiber (g),Sodium (mg),Potassium (mg),Calcium (mg),Iron (mg),Magnesium (mg),Phosphorus (mg),Zinc (mg),Vitamin A (µg),Vitamin C (mg),Vitamin D (µg),B1 Thiamine (mg),B2 Riboflavin (mg),B3 Niacin (mg),B6 (mg),B9 Folate (µg),Notes
2026-05-30,"Amaranth seed, black",IFCT 2017,Breakfast,100,g,356.1,14.59,59.98,5.74,7.02,2.7,433,181,9.33,325,374,2.66,0,0,58.67,0.04,0.04,0.45,0.5,27.44,IFCT2017:A001 | Group: Cereals and Millets
2026-05-30,"Amaranth seed, pale brown",IFCT 2017,Breakfast,100,g,355.9,13.27,61.46,5.56,7.47,2.81,413,162,8.02,270,412,2.52,0,0,53.98,0.04,0.04,0.52,0.33,24.65,IFCT2017:A002 | Group: Cereals and Millets
2026-05-30,Bajra,IFCT 2017,Breakfast,100,g,348.0,10.96,61.78,5.43,11.49,4.11,365,27.35,6.42,124,289,2.76,28.23,0,5.65,0.25,0.2,0.86,0.27,36.11,IFCT2017:A003 | Group: Cereals and Millets
2026-05-30,Barley,IFCT 2017,Breakfast,100,g,315.7,10.94,61.29,1.3,15.64,7.56,268,28.64,1.56,48.97,178,1.5,0,0,0,0.36,0.18,2.84,0.31,31.58,IFCT2017:A004 | Group: Cereals and Millets
2026-05-30,Jowar,IFCT 2017,Breakfast,100,g,334.1,9.97,67.68,1.73,10.22,5.42,328,27.6,3.95,133,274,1.96,8.29,0,3.96,0.35,0.14,2.1,0.28,39.42,IFCT2017:A005 | Group: Cereals and Millets
2026-05-30,"Maize, dry",IFCT 2017,Breakfast,100,g,334.1,8.8,64.77,3.77,12.24,4.44,291,8.91,2.49,145,279,2.27,296,0,33.6,0.33,0.09,2.69,0.34,25.81,IFCT2017:A006 | Group: Cereals and Millets
2026-05-30,"Maize, tender, local",IFCT 2017,Breakfast,100,g,120.0,3.57,22.69,1.4,3.67,2.24,167,6.35,0.71,47.62,163,0.97,73.53,4.26,42.34,0.17,0.12,1.13,0.45,62.96,IFCT2017:A007 | Group: Cereals and Millets
2026-05-30,"Maize, tender, sweet",IFCT 2017,Breakfast,100,g,96.8,4.16,16.42,1.35,3.3,2.23,297,6.37,0.54,36.51,121,0.77,105.42,5.72,16.94,0.1,0.14,1.14,0.38,59.71,IFCT2017:A008 | Group: Cereals and Millets
2026-05-30,Quinoa,IFCT 2017,Breakfast,100,g,328.4,13.11,53.65,5.5,14.66,4.5,474,198,7.51,119,212,3.31,5.12,0,0,0.83,0.22,1.7,0.21,173,IFCT2017:A009 | Group: Cereals and Millets
2026-05-30,Ragi,IFCT 2017,Breakfast,100,g,320.7,7.16,66.82,1.92,11.18,4.75,443,364,4.62,146,210,2.53,1.53,0,41.46,0.37,0.17,1.34,0.05,34.66,IFCT2017:A010 | Group: Cereals and Millets
2026-05-30,"Rice, flakes",IFCT 2017,Breakfast,100,g,353.7,7.44,76.75,1.14,3.46,2.58,148,9.19,4.46,77.92,195,1.49,0,0,0,0.12,0.04,1.6,0.02,8.46,IFCT2017:A011 | Group: Cereals and Millets
2026-05-30,"Rice, puffed",IFCT 2017,Breakfast,100,g,361.9,7.47,77.68,1.62,2.56,3.69,140,15.09,4.55,64.59,152,1.45,0,0,0,0.11,0.04,1.87,0.07,0,IFCT2017:A012 | Group: Cereals and Millets
2026-05-30,"Rice, raw, brown",IFCT 2017,Breakfast,100,g,353.7,9.16,74.8,1.24,4.43,3.64,199,10.93,1.02,93.91,267,1.68,0,0,0,0.27,0.06,3.4,0.37,11.51,IFCT2017:A013 | Group: Cereals and Millets
2026-05-30,"Rice, parboiled, milled",IFCT 2017,Breakfast,100,g,351.6,7.81,77.16,0.55,3.74,3.16,142,8.11,0.72,26.72,140,1.08,0,0,0,0.17,0.06,2.51,0.22,9.75,IFCT2017:A014 | Group: Cereals and Millets
2026-05-30,"Rice, raw, milled",IFCT 2017,Breakfast,100,g,356.4,7.94,78.24,0.52,2.81,2.34,108,7.49,0.65,19.3,96,1.21,0,0,0,0.05,0.05,1.69,0.12,9.32,IFCT2017:A015 | Group: Cereals and Millets
2026-05-30,Samai,IFCT 2017,Breakfast,100,g,346.3,10.13,65.55,3.89,7.72,4.77,105,16.06,1.26,91.41,130,1.82,1.91,0,3.75,0.26,0.05,1.29,0.04,36.2,IFCT2017:A016 | Group: Cereals and Millets
2026-05-30,Varagu,IFCT 2017,Breakfast,100,g,331.7,8.92,66.19,2.55,6.39,3.35,94,15.27,2.34,122,101,1.65,1.41,0,0,0.29,0.2,1.49,0.07,39.49,IFCT2017:A017 | Group: Cereals and Millets
2026-05-30,"Wheat flour, refined",IFCT 2017,Breakfast,100,g,351.8,10.36,74.27,0.76,2.76,1.54,148,20.4,1.77,30.69,110,0.88,1.97,0,6.73,0.15,0.06,0.77,0.08,16.25,IFCT2017:A018 | Group: Cereals and Millets
2026-05-30,"Wheat flour, atta",IFCT 2017,Breakfast,100,g,320.3,10.57,64.17,1.53,11.36,2.04,311,30.94,4.1,125,315,2.85,2.67,0,13.43,0.42,0.15,2.37,0.25,29.22,IFCT2017:A019 | Group: Cereals and Millets
2026-05-30,"Wheat, whole",IFCT 2017,Breakfast,100,g,321.9,10.59,64.72,1.47,11.23,2.5,366,39.36,3.97,125,315,2.85,3.03,0,17.49,0.46,0.15,2.68,0.26,30.09,IFCT2017:A020 | Group: Cereals and Millets
2026-05-30,"Wheat, bulgur",IFCT 2017,Breakfast,100,g,341.8,10.84,69.06,1.45,8.81,2.09,330,27.09,3.86,116,245,1.97,2.55,0,6.27,0.24,0.12,2.05,0.24,26.3,IFCT2017:A021 | Group: Cereals and Millets
2026-05-30,"Wheat, semolina",IFCT 2017,Breakfast,100,g,333.7,11.38,68.43,0.74,9.72,2.31,284,29.38,2.98,37.89,119,2.13,1.6,0,8.19,0.29,0.04,1.13,0.11,25.68,IFCT2017:A022 | Group: Cereals and Millets
2026-05-30,"Wheat, vermicelli",IFCT 2017,Breakfast,100,g,332.7,9.7,70.39,0.45,9.28,2.71,163,19.42,2.02,34.18,99,0.83,1.68,0,4.06,0.13,0.01,0.86,0.03,14.35,IFCT2017:A023 | Group: Cereals and Millets
2026-05-30,"Wheat, vermicelli, roasted",IFCT 2017,Breakfast,100,g,340.1,10.37,71.42,0.49,9.55,3.43,177,22.63,2.09,39.03,107,0.88,0.92,0,3.21,0.12,0.01,0.67,0.03,13.21,IFCT2017:A024 | Group: Cereals and Millets
2026-05-30,"Bengal gram, dal",IFCT 2017,Breakfast,100,g,329.1,21.55,46.72,5.31,15.15,20.83,957,46.32,6.08,118,325,3.65,165,0,1.75,0.35,0.15,1.87,0.19,182,IFCT2017:B001 | Group: Grain Legumes
2026-05-30,"Bengal gram, whole",IFCT 2017,Breakfast,100,g,287.0,18.77,39.56,5.11,25.22,26.56,935,150,6.78,160,267,3.37,172,0,1.93,0.37,0.24,2.1,0.36,233,IFCT2017:B002 | Group: Grain Legumes
2026-05-30,"Black gram, dal",IFCT 2017,Breakfast,100,g,324.1,23.06,51,1.69,11.93,18.88,1157,55.67,4.67,173,375,3,10.11,0,8.42,0.21,0.09,1.76,0.22,88.75,IFCT2017:B003 | Group: Grain Legumes
2026-05-30,"Black gram, whole",IFCT 2017,Breakfast,100,g,291.3,21.97,43.99,1.58,20.41,26.8,1093,86.18,5.97,190,345,3.05,12.8,0,16.84,0.32,0.11,1.85,0.53,134,IFCT2017:B004 | Group: Grain Legumes
2026-05-30,"Cowpea, brown",IFCT 2017,Breakfast,100,g,320.3,20.36,54.62,1.15,11.54,13.68,1241,81.73,5.9,213,372,3.41,7.08,0,0.92,0.33,0.09,1.64,0.3,231,IFCT2017:B005 | Group: Grain Legumes
2026-05-30,"Cowpea, white",IFCT 2017,Breakfast,100,g,320.3,21.25,53.77,1.14,11.7,12.52,1243,84.1,5.04,213,378,3.57,8.21,0,0.93,0.34,0.09,1.51,0.26,249,IFCT2017:B006 | Group: Grain Legumes
2026-05-30,"Field bean, black",IFCT 2017,Breakfast,100,g,276.1,19.93,43.46,0.92,23.4,1.35,1272,78.16,4.5,197,457,2.42,0,0,4.35,0.35,0.07,1.88,0.35,291,IFCT2017:B007 | Group: Grain Legumes
2026-05-30,"Field bean, brown",IFCT 2017,Breakfast,100,g,283.0,19.9,45.24,0.98,22.4,1.41,1245,75.2,4.99,173,429,2.44,0,0,4.24,0.32,0.07,2.04,0.37,292,IFCT2017:B008 | Group: Grain Legumes
2026-05-30,"Field bean, white",IFCT 2017,Breakfast,100,g,280.4,19.84,44.53,0.94,22.99,1.7,1360,77.24,5.5,190,448,2.8,0,0,4.26,0.37,0.07,1.96,0.38,289,IFCT2017:B009 | Group: Grain Legumes
2026-05-30,"Green gram, dal",IFCT 2017,Breakfast,100,g,325.8,23.88,52.59,1.35,9.37,10.14,1268,43.13,3.93,155,416,2.49,122,0,2.05,0.35,0.12,1.84,0.19,92.11,IFCT2017:B010 | Group: Grain Legumes
2026-05-30,"Green gram, whole",IFCT 2017,Breakfast,100,g,293.7,22.53,46.13,1.14,17.04,12.48,1177,92.43,4.89,198,353,2.67,137,0,3.15,0.45,0.27,2.16,0.35,145,IFCT2017:B011 | Group: Grain Legumes
2026-05-30,"Horse gram, whole",IFCT 2017,Breakfast,100,g,329.6,21.73,57.24,0.62,7.88,12.14,1065,269,8.76,152,298,2.71,58.57,0,1.8,0.32,0.24,1.82,0.21,163,IFCT2017:B012 | Group: Grain Legumes
2026-05-30,"Lentil, dal",IFCT 2017,Breakfast,100,g,322.4,24.35,52.53,0.75,10.43,10.27,786,44.32,7.06,74.69,310,3.61,6.34,0,1.31,0.34,0.16,1.81,0.18,49.99,IFCT2017:B013 | Group: Grain Legumes
2026-05-30,"Lentil, whole, brown",IFCT 2017,Breakfast,100,g,299.0,22.49,48.47,0.64,16.82,11.2,756,76.13,7.57,101,274,3.6,10.29,0,14.52,0.4,0.22,2.54,0.46,132,IFCT2017:B014 | Group: Grain Legumes
2026-05-30,"Lentil, whole, yellowish",IFCT 2017,Breakfast,100,g,297.8,22.87,47.91,0.61,16.66,10.87,764,76.66,7.91,86.38,261,3.31,12.64,0,17.68,0.42,0.22,2.56,0.47,121,IFCT2017:B015 | Group: Grain Legumes
2026-05-30,Moth bean,IFCT 2017,Breakfast,100,g,308.6,19.75,52.09,1.76,15.12,26.34,1356,154,7.9,205,362,1.92,3.57,0,9.77,0.45,0.09,1.87,0.16,349,IFCT2017:B016 | Group: Grain Legumes
2026-05-30,"Peas, dry",IFCT 2017,Breakfast,100,g,303.3,20.43,48.93,1.89,17.01,23.4,922,75.11,5.09,123,334,3.1,65.71,0,15.21,0.56,0.16,2.69,0.26,110,IFCT2017:B017 | Group: Grain Legumes
2026-05-30,"Rajmah, black",IFCT 2017,Breakfast,100,g,298.0,19.01,49.59,1.62,17.74,9.4,1362,134,6.17,160,386,3.08,1.95,0,27.98,0.21,0.19,2.61,0.23,332,IFCT2017:B018 | Group: Grain Legumes
2026-05-30,"Rajmah, brown",IFCT 2017,Breakfast,100,g,297.6,19.5,48.83,1.68,16.95,10.47,1366,134,6.3,164,396,2.6,2.16,0,25.82,0.26,0.21,2.37,0.21,330,IFCT2017:B019 | Group: Grain Legumes
2026-05-30,"Rajmah, red",IFCT 2017,Breakfast,100,g,299.2,19.91,48.61,1.77,16.57,10.45,1324,126,6.13,173,409,2.69,1.6,0,26.73,0.3,0.19,2.42,0.21,316,IFCT2017:B020 | Group: Grain Legumes
2026-05-30,"Red gram, dal",IFCT 2017,Breakfast,100,g,330.8,21.7,55.23,1.56,9.06,18.01,1395,71.73,3.9,119,328,2.63,127,0,2.12,0.45,0.11,2.09,0.24,108,IFCT2017:B021 | Group: Grain Legumes
2026-05-30,"Red gram, whole",IFCT 2017,Breakfast,100,g,273.9,20.47,42.48,1.38,22.84,19.03,1303,139,5.37,155,312,2.99,149,0,2.78,0.74,0.15,2.42,0.42,229,IFCT2017:B022 | Group: Grain Legumes
2026-05-30,Ricebean,IFCT 2017,Breakfast,100,g,302.3,19.97,51.26,0.74,13.37,10.62,1196,200,4.76,201,270,2.29,0,1.11,8.26,0.46,0.14,2.32,0.13,122,IFCT2017:B023 | Group: Grain Legumes
2026-05-30,"Soya bean, brown",IFCT 2017,Breakfast,100,g,381.5,35.58,12.79,19.82,21.55,2.07,1613,239,8.29,259,483,4.01,3.5,0,66.22,0.59,0.24,2.12,0.43,297,IFCT2017:B024 | Group: Grain Legumes
2026-05-30,"Soya bean, white",IFCT 2017,Breakfast,100,g,377.4,37.8,10.16,19.42,22.63,2.83,1634,195,8.22,189,494,3.47,2.82,0,69.81,0.61,0.23,2.28,0.45,288,IFCT2017:B025 | Group: Grain Legumes
2026-05-30,Agathi leaves,IFCT 2017,Breakfast,100,g,70.5,8.01,5.21,1.35,8.6,18.12,674,901,4.36,96.64,52.52,0.53,12582,121,4.02,0.26,0.33,1.18,0.22,120,IFCT2017:C001 | Group: Green Leafy Vegetables
2026-05-30,"Amaranth leaves, green",IFCT 2017,Breakfast,100,g,30.6,3.29,2.28,0.65,4.41,16.08,572,330,4.64,194,73.22,0.86,8553,83.54,16.01,0.01,0.19,0.71,0.21,70.33,IFCT2017:C002 | Group: Green Leafy Vegetables
2026-05-30,"Amaranth leaves, red",IFCT 2017,Breakfast,100,g,33.5,3.93,2.37,0.63,4.91,14.58,564,245,7.25,177,75.98,1.37,8457,86.2,15.1,0.01,0.269,0.62,0.22,81.95,IFCT2017:C003 | Group: Green Leafy Vegetables
2026-05-30,"Amaranth leaves, red and green",IFCT 2017,Breakfast,100,g,31.5,3.09,2.87,0.53,4.6,17.55,597,269,5.28,146,68.23,1.03,8464,77.24,15.25,0.01,0.22,0.69,0.19,69.08,IFCT2017:C004 | Group: Green Leafy Vegetables
2026-05-30,"Amaranth, spinous, leaves, green",IFCT 2017,Breakfast,100,g,26.3,3.54,1.61,0.36,5.1,15.66,569,359,6.37,202,72.46,1.57,1594,82.56,15.23,0.01,0.13,0.63,0.22,41.44,IFCT2017:C005 | Group: Green Leafy Vegetables
2026-05-30,"Amaranth, spinous, leaves, red and green",IFCT 2017,Breakfast,100,g,23.7,2.8,1.45,0.34,5.57,16.27,588,372,4.58,187,85.02,1.11,1487,77.3,15.04,0.01,0.15,0.72,0.2,44.23,IFCT2017:C006 | Group: Green Leafy Vegetables
2026-05-30,Basella leaves,IFCT 2017,Breakfast,100,g,19.6,1.57,2.01,0.45,2.21,18.74,337,93.89,4.2,153,37.26,0.39,2473,63.35,9.18,0.06,0.15,0.46,0.18,90.31,IFCT2017:C007 | Group: Green Leafy Vegetables
2026-05-30,Bathua leaves,IFCT 2017,Breakfast,100,g,27.7,2.5,2.56,0.44,4.01,10.75,438,211,2.66,48.41,37.55,0.98,1075,41.03,1.01,0.06,0.51,0.54,0.17,42.55,IFCT2017:C008 | Group: Green Leafy Vegetables
2026-05-30,Beetroot leaves,IFCT 2017,Breakfast,100,g,34.7,2.38,3.86,0.75,3.64,111,530,151,5.8,120,36.02,0.16,1703,35.83,1.65,0.02,0.17,0.43,0.13,11.52,IFCT2017:C009 | Group: Green Leafy Vegetables
2026-05-30,"Betel leaves, big (kolkata)",IFCT 2017,Breakfast,100,g,48.3,2.51,7.37,0.75,2.12,16.8,649,207,3,107,51.73,0.47,4377,18.4,3.78,0.03,0.08,0.45,0.04,15.96,IFCT2017:C010 | Group: Green Leafy Vegetables
2026-05-30,"Betel leaves, small",IFCT 2017,Breakfast,100,g,43.7,2.62,6.16,0.75,1.97,14.04,678,196,2.87,89.94,55.72,0.39,5103,24.51,2.27,0.02,0.07,0.47,0.04,16.56,IFCT2017:C011 | Group: Green Leafy Vegetables
2026-05-30,Brussels sprouts,IFCT 2017,Breakfast,100,g,44.2,4.26,5.09,0.5,4.29,18.51,639,53.99,1.54,32.99,98.56,0.57,360,89.45,0.26,0.06,0.16,0.5,0.19,85.01,IFCT2017:C012 | Group: Green Leafy Vegetables
2026-05-30,"Cabbage, Chinese",IFCT 2017,Breakfast,100,g,17.9,1.58,2.36,0.13,2.01,20.28,258,58.46,0.39,11.51,33.05,0.19,5.5,19.32,0.39,0.01,0.05,0.38,0.19,54.51,IFCT2017:C013 | Group: Green Leafy Vegetables
2026-05-30,"Cabbage, collard greens",IFCT 2017,Breakfast,100,g,30.1,3.63,2.79,0.27,2.98,22.98,292,170,2.67,45.9,54.67,0.35,104,40.76,0.18,0.03,0.05,0.26,0.24,63.46,IFCT2017:C014 | Group: Green Leafy Vegetables
2026-05-30,"Cabbage, green",IFCT 2017,Breakfast,100,g,21.5,1.36,3.25,0.12,2.76,14.98,233,51.76,0.35,17.99,30.15,0.16,20.48,33.25,0.21,0.03,0.05,0.24,0.13,46.36,IFCT2017:C015 | Group: Green Leafy Vegetables
2026-05-30,"Cabbage, violet",IFCT 2017,Breakfast,100,g,23.2,1.39,3.54,0.21,2.21,24,201,48,0.24,26.87,22.14,0.13,31.17,43.49,0.19,0.04,0.05,0.27,0.17,34.81,IFCT2017:C016 | Group: Green Leafy Vegetables
2026-05-30,Cauliflower leaves,IFCT 2017,Breakfast,100,g,35.4,3.9,3.39,0.42,3.43,24.31,374,96.7,2.42,41.5,62.82,0.31,146,52.84,4.15,0.05,0.05,0.21,0.23,42.99,IFCT2017:C017 | Group: Green Leafy Vegetables
2026-05-30,"Colocasia leaves, green",IFCT 2017,Breakfast,100,g,43.5,3.42,3.69,1.38,5.6,12.08,404,216,3.41,59.44,57.88,0.82,5758,40.71,1.7,0.08,0.07,0.8,0.29,159,IFCT2017:C018 | Group: Green Leafy Vegetables
2026-05-30,Drumstick leaves,IFCT 2017,Breakfast,100,g,67.4,6.41,5.62,1.64,8.21,9.34,397,314,4.56,97.09,109,0.72,17542,108,14.33,0.06,0.45,0.82,0.87,42.89,IFCT2017:C019 | Group: Green Leafy Vegetables
2026-05-30,Fenugreek leaves,IFCT 2017,Breakfast,100,g,34.4,3.68,2.17,0.83,4.9,47.01,226,274,5.69,63.67,53.05,0.54,9245,58.25,2.36,0.11,0.22,0.7,0.38,75.26,IFCT2017:C020 | Group: Green Leafy Vegetables
2026-05-30,Garden cress,IFCT 2017,Breakfast,100,g,49.7,5.62,4.48,0.8,2.6,25.35,379,217,6.19,79.24,45.55,1.52,88.72,42.75,0.55,0.03,0.06,1.2,0.2,58.1,IFCT2017:C021 | Group: Green Leafy Vegetables
2026-05-30,"Gogu leaves, green stem",IFCT 2017,Breakfast,100,g,36.3,1.86,4.06,1.09,4.59,12.34,260,145,7.65,83.09,41.99,0.65,5285,29.65,4.28,0.13,0.06,0.58,0.33,74.94,IFCT2017:C022 | Group: Green Leafy Vegetables
2026-05-30,"Gogu leaves, red stem",IFCT 2017,Breakfast,100,g,36.6,1.85,4.24,1.07,3.89,14.08,161,129,9.56,75.75,36.38,0.63,5143,35.43,4.27,0.12,0.05,0.56,0.31,88.63,IFCT2017:C023 | Group: Green Leafy Vegetables
2026-05-30,"Knol-Khol, leaves",IFCT 2017,Breakfast,100,g,42.5,3.12,6.16,0.35,2.76,26.8,309,368,2.51,66,55.02,0.42,12.04,71.11,0.59,0.06,0.15,0.86,0.28,41.55,IFCT2017:C024 | Group: Green Leafy Vegetables
2026-05-30,Lettuce,IFCT 2017,Breakfast,100,g,21.7,1.54,3.01,0.27,1.79,17.53,279,56.71,2.73,43.22,44.1,0.51,1285,11.91,0.1,0.05,0.09,0.17,0.08,30.69,IFCT2017:C025 | Group: Green Leafy Vegetables
2026-05-30,Mustard leaves,IFCT 2017,Breakfast,100,g,30.4,3.52,2.41,0.51,3.92,19.14,403,191,2.84,51.63,71.62,0.68,2619,60.32,5.4,0.08,0.18,0.58,0.16,110,IFCT2017:C026 | Group: Green Leafy Vegetables
2026-05-30,Pak Choi leaves,IFCT 2017,Breakfast,100,g,16.0,1.41,1.78,0.25,1.91,33.73,250,150,3.78,45.28,25.95,0.16,2450,55.6,0.1,0.02,0.22,0.66,0.96,98.5,IFCT2017:C027 | Group: Green Leafy Vegetables
2026-05-30,Parsley,IFCT 2017,Breakfast,100,g,72.9,5.55,9.43,1.14,3.87,53.08,466,288,5.51,49.18,78.56,1.29,2710,133,5.55,0.19,0.1,0.36,0.19,197,IFCT2017:C028 | Group: Green Leafy Vegetables
2026-05-30,Ponnaganni,IFCT 2017,Breakfast,100,g,50.9,5.29,5.17,0.71,6.74,39.36,457,388,3.88,80.39,58.26,0.99,5288,103,0.65,0.02,0.1,0.32,0.19,48.42,IFCT2017:C029 | Group: Green Leafy Vegetables
2026-05-30,"Pumpkin leaves, tender",IFCT 2017,Breakfast,100,g,44.2,4.21,4.75,0.74,2.25,12.2,423,271,5.58,84.21,64.54,0.9,1455,12.33,3.19,0.07,0.13,1.49,0.17,33.82,IFCT2017:C030 | Group: Green Leafy Vegetables
2026-05-30,Radish leaves,IFCT 2017,Breakfast,100,g,26.1,2.22,2.77,0.51,1.82,17.39,304,234,3.82,57.96,50.08,0.49,2591,65.76,1.39,0.06,0.13,0.47,0.16,53.14,IFCT2017:C031 | Group: Green Leafy Vegetables
2026-05-30,Rumex leaves,IFCT 2017,Breakfast,100,g,19.6,1.62,2.33,0.33,1.27,19.95,336,131,3.67,48.33,32.4,0.46,2754,53.76,0.1,0.03,0.14,0.33,0.09,41.01,IFCT2017:C032 | Group: Green Leafy Vegetables
2026-05-30,Spinach,IFCT 2017,Breakfast,100,g,24.4,2.14,2.05,0.64,2.38,42.55,625,82.29,2.95,86.97,32.59,0.46,2605,30.28,0.26,0.16,0.1,0.33,0.15,142,IFCT2017:C033 | Group: Green Leafy Vegetables
2026-05-30,"Tamarind leaves, tender",IFCT 2017,Breakfast,100,g,71.5,5.84,10.04,0.49,10.7,13.43,465,66.93,2.84,42.1,86.86,0.93,168,28.22,2.62,0.12,0.03,0.79,0.14,91.82,IFCT2017:C034 | Group: Green Leafy Vegetables
2026-05-30,Ash gourd,IFCT 2017,Breakfast,100,g,17.4,0.79,2.84,0.14,3.37,0.77,372,19.39,0.47,19.95,29.07,0.13,0,11.41,1.35,0.03,0.01,0.12,0.18,14.11,IFCT2017:D001 | Group: Other Vegetables
2026-05-30,"Bamboo shoot, tender",IFCT 2017,Breakfast,100,g,16.3,1.33,1.67,0.35,1.55,1.12,422,10,0.33,8.28,39.63,0.37,0,15.74,0.41,0.06,0.06,0.25,0.13,17.05,IFCT2017:D002 | Group: Other Vegetables
2026-05-30,"Bean scarlet, tender",IFCT 2017,Breakfast,100,g,42.8,2.86,5.16,0.99,4.5,1.46,164,43.48,0.73,43.75,62.13,0.57,35.52,6.61,1.4,0.13,0.12,0.52,0.31,45.26,IFCT2017:D003 | Group: Other Vegetables
2026-05-30,"Bitter gourd, jagged, teeth ridges, elongate",IFCT 2017,Breakfast,100,g,20.8,1.44,2.82,0.24,3.78,13.09,326,21.36,1.15,32.14,44.9,0.31,122,46.53,1.92,0.05,0.04,0.27,0.05,60.28,IFCT2017:D004 | Group: Other Vegetables
2026-05-30,"Bitter gourd, jagged, teeth ridges, short",IFCT 2017,Breakfast,100,g,18.9,1.34,2.53,0.24,3.49,12.59,282,16.27,1.08,31.58,40.21,0.36,126,50.87,1.9,0.06,0.04,0.29,0.04,51.45,IFCT2017:D005 | Group: Other Vegetables
2026-05-30,"Bitter gourd, jagged, smooth ridges, elongate",IFCT 2017,Breakfast,100,g,19.4,1.61,2.29,0.26,3.72,11.16,356,17.62,1.28,33.34,44.75,0.43,130,54.3,1.83,0.06,0.04,0.3,0.05,60.03,IFCT2017:D006 | Group: Other Vegetables
2026-05-30,"Bottle gourd, elongate, pale green",IFCT 2017,Breakfast,100,g,11.0,0.53,1.68,0.13,2.12,1.46,124,15.42,0.26,10.93,16.01,0.15,44.05,4.33,0.74,0.03,0.01,0.14,0.02,41.99,IFCT2017:D007 | Group: Other Vegetables
2026-05-30,"Bottle gourd, round, pale green",IFCT 2017,Breakfast,100,g,13.6,0.42,2.53,0.12,2.1,1.52,116,15.05,0.28,10.89,16.99,0.15,47.13,4.54,0.7,0.03,0.01,0.14,0.02,49.59,IFCT2017:D008 | Group: Other Vegetables
2026-05-30,"Bottle gourd, elongate, dark green",IFCT 2017,Breakfast,100,g,12.9,0.49,2.25,0.13,2.11,1.35,171,16.64,0.34,12.9,26.86,0.18,44.82,3.8,0.6,0.03,0.01,0.14,0.01,46.31,IFCT2017:D009 | Group: Other Vegetables
2026-05-30,Brinjal 1,IFCT 2017,Breakfast,100,g,27.2,1.77,3.49,0.39,3.57,3.15,302,22.17,0.49,26.75,39.95,0.32,126,1.58,0.85,0.07,0.13,0.74,0.05,37.22,IFCT2017:D010 | Group: Other Vegetables
2026-05-30,Brinjal 2,IFCT 2017,Breakfast,100,g,23.7,1.82,2.71,0.34,4.01,3.92,206,17.13,0.44,29.56,44.65,0.23,130,1.03,1.01,0.09,0.11,0.56,0.05,27.22,IFCT2017:D011 | Group: Other Vegetables
2026-05-30,Brinjal 3,IFCT 2017,Breakfast,100,g,24.4,1.36,3.38,0.33,4.26,3.12,192,14.58,0.34,18.62,27.79,0.2,138,2.34,1.19,0.05,0.109,0.6,0.07,32.29,IFCT2017:D012 | Group: Other Vegetables
2026-05-30,Brinjal 4,IFCT 2017,Breakfast,100,g,23.9,1.51,3.19,0.31,4.04,3.31,268,13.39,0.38,20.65,31.82,0.21,140,2.22,1.05,0.06,0.11,0.52,0.07,36.67,IFCT2017:D013 | Group: Other Vegetables
2026-05-30,Brinjal 5,IFCT 2017,Breakfast,100,g,26.5,1.38,4.02,0.29,4.13,4.03,227,17.03,0.36,25.36,33.13,0.2,123,3.15,1.61,0.07,0.11,0.49,0.08,32.21,IFCT2017:D014 | Group: Other Vegetables
2026-05-30,Brinjal 6,IFCT 2017,Breakfast,100,g,23.2,1.46,3.29,0.29,3.68,3.75,289,17.17,0.39,18.82,30.12,0.2,129,1.49,1.14,0.05,0.11,0.51,0.07,34.21,IFCT2017:D015 | Group: Other Vegetables
2026-05-30,Brinjal 7,IFCT 2017,Breakfast,100,g,23.4,1.4,3.1,0.37,3.32,3.45,238,19.95,0.27,15.26,29.58,0.16,155,1.08,0.84,0.05,0.12,0.44,0.07,26.58,IFCT2017:D016 | Group: Other Vegetables
2026-05-30,Brinjal 8,IFCT 2017,Breakfast,100,g,28.0,1.82,3.75,0.33,4.01,4.73,284,21,0.42,26.63,35.84,0.24,162,1.89,0.97,0.07,0.11,0.65,0.07,33.89,IFCT2017:D017 | Group: Other Vegetables
2026-05-30,Brinjal 9,IFCT 2017,Breakfast,100,g,25.3,1.47,3.52,0.35,4,3.08,224,18.79,0.38,26.23,35.71,0.23,158,1.72,1.02,0.06,0.11,0.56,0.09,35.89,IFCT2017:D018 | Group: Other Vegetables
2026-05-30,Brinjal 10,IFCT 2017,Breakfast,100,g,27.7,1.68,4.08,0.25,3.9,4.35,252,15.59,0.41,22.11,37.36,0.23,161,2.4,0.88,0.06,0.1,0.5,0.08,37.11,IFCT2017:D019 | Group: Other Vegetables
2026-05-30,Brinjal 11,IFCT 2017,Breakfast,100,g,25.1,1.43,3.53,0.31,4.12,3.47,260,15.92,0.37,20.73,33.28,0.22,162,2.24,1.01,0.06,0.11,0.53,0.08,34.24,IFCT2017:D020 | Group: Other Vegetables
2026-05-30,Brinjal 12,IFCT 2017,Breakfast,100,g,22.2,1.6,2.73,0.27,3.89,3.88,259,19.85,0.37,19.26,37.81,0.25,144,2.55,0.87,0.04,0.1,0.46,0.06,27.83,IFCT2017:D021 | Group: Other Vegetables
2026-05-30,Brinjal 13,IFCT 2017,Breakfast,100,g,29.6,1.49,4.51,0.31,3.92,3,260,18.95,0.32,18,26.81,0.19,138,1.49,1.06,0.04,0.12,0.54,0.09,30.99,IFCT2017:D022 | Group: Other Vegetables
2026-05-30,Brinjal 14,IFCT 2017,Breakfast,100,g,25.3,1.56,3.27,0.35,3.87,3.71,246,14.43,0.32,19.19,30.07,0.19,134,1.83,0.89,0.06,0.1,0.46,0.07,38.99,IFCT2017:D023 | Group: Other Vegetables
2026-05-30,Brinjal 15,IFCT 2017,Breakfast,100,g,27.2,1.58,3.96,0.29,3.99,3.34,215,17.82,0.36,21.89,30.32,0.22,162,2.01,1.12,0.07,0.11,0.51,0.07,32.48,IFCT2017:D024 | Group: Other Vegetables
2026-05-30,Brinjal 16,IFCT 2017,Breakfast,100,g,24.6,1.26,3.46,0.34,3.74,3.22,294,18.33,0.32,17.06,29.86,0.19,155,1.53,0.76,0.04,0.11,0.44,0.1,30.87,IFCT2017:D025 | Group: Other Vegetables
2026-05-30,Brinjal 17,IFCT 2017,Breakfast,100,g,21.7,1.18,2.89,0.36,3.94,3.09,233,20.83,0.5,23.13,35.94,0.25,146,1.95,1.33,0.08,0.09,0.53,0.1,27.7,IFCT2017:D026 | Group: Other Vegetables
2026-05-30,Brinjal 18,IFCT 2017,Breakfast,100,g,27.7,1.47,4.1,0.33,4.38,3.63,208,16.24,0.38,15.48,28.03,0.18,130,1.97,1.01,0.04,0.1,0.57,0.07,38.27,IFCT2017:D027 | Group: Other Vegetables
2026-05-30,Brinjal 19,IFCT 2017,Breakfast,100,g,23.9,1.26,3.39,0.31,3.97,3.11,243,16.1,0.32,18.41,29.76,0.19,119,2.53,1.06,0.04,0.1,0.53,0.09,34.32,IFCT2017:D028 | Group: Other Vegetables
2026-05-30,Brinjal 20,IFCT 2017,Breakfast,100,g,23.7,1.44,3.15,0.34,3.73,3.58,239,14.36,0.33,18.51,31.21,0.2,139,2.21,1.02,0.06,0.1,0.55,0.07,33.44,IFCT2017:D029 | Group: Other Vegetables
2026-05-30,Brinjal 21,IFCT 2017,Breakfast,100,g,27.0,1.36,3.93,0.35,3.85,3.06,252,15.27,0.34,17.3,34.98,0.2,155,1.38,0.84,0.05,0.11,0.53,0.08,32.6,IFCT2017:D030 | Group: Other Vegetables
2026-05-30,Brinjal - all varieties,IFCT 2017,Breakfast,100,g,25.3,1.48,3.52,0.32,3.98,3.55,247,16.59,0.37,21,32.56,0.21,146,2.09,1.04,0.06,0.11,0.53,0.07,33.93,IFCT2017:D031 | Group: Other Vegetables
2026-05-30,Broad beans,IFCT 2017,Breakfast,100,g,29.4,3.85,2.11,0.15,8.63,20.74,362,64.37,0.94,40.18,67.97,0.61,6.38,10.98,11.58,0.12,0.1,0.76,0.23,20.46,IFCT2017:D032 | Group: Other Vegetables
2026-05-30,"Capsicum, green",IFCT 2017,Breakfast,100,g,16.3,1.11,1.84,0.34,2.06,1.84,154,14.75,0.48,11.84,23,0.15,328,123,0.7,0.05,0.03,0.56,0.15,51.85,IFCT2017:D033 | Group: Other Vegetables
2026-05-30,"Capsicum, red",IFCT 2017,Breakfast,100,g,19.8,1.47,2.14,0.47,2.19,1.7,224,15.76,0.38,19.57,30.81,0.34,246,112,0.52,0.1,0.03,0.66,0.24,62.54,IFCT2017:D034 | Group: Other Vegetables
2026-05-30,"Capsicum, yellow",IFCT 2017,Breakfast,100,g,18.6,1.35,1.95,0.41,2.19,1.56,242,19.13,0.69,17.23,43.33,0.26,166,127,0.89,0.14,0.02,0.59,0.25,66.15,IFCT2017:D035 | Group: Other Vegetables
2026-05-30,Cauliflower,IFCT 2017,Breakfast,100,g,22.9,2.15,2.03,0.44,3.71,30.72,329,25.16,0.96,23.08,47.33,0.31,1.59,47.14,1.32,0.04,0.07,0.31,0.13,45.95,IFCT2017:D036 | Group: Other Vegetables
2026-05-30,Celery stalk,IFCT 2017,Breakfast,100,g,16.5,0.98,2.33,0.24,2.09,10.68,298,38.73,1.36,17.12,44.84,0.18,465,12.3,1.39,0.03,0.04,0.48,0.06,22.48,IFCT2017:D037 | Group: Other Vegetables
2026-05-30,Cho-cho-marrow,IFCT 2017,Breakfast,100,g,18.9,0.66,3.47,0.15,1.55,1.28,120,18.64,0.48,13.05,21.61,0.1,1.57,20.21,5.46,0.01,0.03,0.23,0.07,63.03,IFCT2017:D038 | Group: Other Vegetables
2026-05-30,Cluster beans,IFCT 2017,Breakfast,100,g,40.2,3.55,4.91,0.37,4.83,4.05,301,121,3.9,81.74,45.28,0.61,241,17.96,13.72,0.05,0.03,0.71,0.12,41.24,IFCT2017:D039 | Group: Other Vegetables
2026-05-30,"Colocasia, stem, black",IFCT 2017,Breakfast,100,g,23.9,0.76,3.83,0.34,3.01,0.45,381,29.46,0.77,11.07,20.31,0.54,4.97,5.15,0.21,0.02,0.04,0.16,0.06,30.88,IFCT2017:D040 | Group: Other Vegetables
2026-05-30,"Colocasia, stem, green",IFCT 2017,Breakfast,100,g,19.4,0.91,2.86,0.22,2.33,0.6,414,40.21,0.55,19.56,30.73,0.2,2.3,5.83,0.14,0.02,0.03,0.22,0.07,25.32,IFCT2017:D041 | Group: Other Vegetables
2026-05-30,"Corn, baby",IFCT 2017,Breakfast,100,g,73.1,2.69,11.66,1.33,6.09,1.4,260,76.51,1.45,25.47,8.69,1.13,1.52,8.59,31.2,0.15,0.07,0.53,0.16,45.53,IFCT2017:D042 | Group: Other Vegetables
2026-05-30,"Cucumber, green, elongate",IFCT 2017,Breakfast,100,g,19.6,0.71,3.48,0.16,2.14,6.33,183,16.39,0.46,20.38,28.34,0.17,5.33,6.11,1.26,0.02,0.01,0.35,0.06,16.84,IFCT2017:D043 | Group: Other Vegetables
2026-05-30,"Cucumber, green, short",IFCT 2017,Breakfast,100,g,17.4,0.83,2.82,0.18,2.13,6.11,198,19.25,0.59,18.48,29.74,0.19,4.8,6.21,1.36,0.02,0.01,0.35,0.07,14.67,IFCT2017:D044 | Group: Other Vegetables
2026-05-30,"Cucumber, orange, round",IFCT 2017,Breakfast,100,g,19.6,0.98,3.01,0.24,2.46,8.16,185,21.98,0.45,20.34,23.17,0.16,5.55,6.24,1.59,0.02,0.01,0.36,0.04,18.77,IFCT2017:D045 | Group: Other Vegetables
2026-05-30,Drumstick,IFCT 2017,Breakfast,100,g,29.4,2.62,3.76,0.12,6.83,22.38,419,33.3,0.73,38.1,52.87,0.31,17.28,71.86,1.67,0.04,0.07,0.62,0.12,62.75,IFCT2017:D046 | Group: Other Vegetables
2026-05-30,"Field beans, tender, broad",IFCT 2017,Breakfast,100,g,30.8,3.06,2.75,0.64,5.64,14.14,345,70.57,1.95,50.88,73.3,0.64,638.48,5.99,7.14,0.07,0.07,0.32,0.42,123,IFCT2017:D047 | Group: Other Vegetables
2026-05-30,"Field beans, tender, lean",IFCT 2017,Breakfast,100,g,33.5,3.71,2.85,0.6,6.19,12.76,314,58.59,1.48,47.42,76.54,0.63,630.32,3.84,7.2,0.08,0.07,0.33,0.38,127,IFCT2017:D048 | Group: Other Vegetables
2026-05-30,"French beans, country",IFCT 2017,Breakfast,100,g,24.4,2.49,2.68,0.26,4.38,8.84,324,55.99,1.25,43.01,59.86,0.5,416.57,15.81,1.82,0.04,0.06,0.83,0.37,47.45,IFCT2017:D049 | Group: Other Vegetables
2026-05-30,"French beans, hybrid",IFCT 2017,Breakfast,100,g,22.2,2.12,2.63,0.19,4.18,9.18,317,49.9,0.98,34.98,45.9,0.37,391.18,1.38,1.85,0.05,0.05,0.77,0.44,61.98,IFCT2017:D050 | Group: Other Vegetables
2026-05-30,"Jack fruit, raw",IFCT 2017,Breakfast,100,g,26.3,1.98,3.48,0.35,7.69,3.53,327,45.74,0.31,26.6,27.78,0.17,0,17.51,6.84,0.05,0.05,0.19,0.04,35.73,IFCT2017:D051 | Group: Other Vegetables
2026-05-30,"Jack fruit, seeds, mature",IFCT 2017,Breakfast,100,g,77.0,5.79,11.81,0.44,8.63,4,376,37.56,0.37,37.04,29.33,0.29,0,9.68,1.4,0.06,0.03,0.19,0.08,54.58,IFCT2017:D052 | Group: Other Vegetables
2026-05-30,Knol - Khol,IFCT 2017,Breakfast,100,g,16.0,1.58,1.39,0.35,2.75,27.46,327,35.26,0.24,19.05,40.77,0.15,0,64.7,0.32,0.04,0.06,0.37,0.19,14.76,IFCT2017:D053 | Group: Other Vegetables
2026-05-30,"Kovai, big",IFCT 2017,Breakfast,100,g,17.4,1.39,2.01,0.24,3,1.53,198,34.39,0.38,19.6,36.9,0.18,134,17.62,6.25,0.04,0.02,0.55,0.08,48.68,IFCT2017:D054 | Group: Other Vegetables
2026-05-30,"Kovai, small",IFCT 2017,Breakfast,100,g,19.1,1.22,2.41,0.24,3.25,2.2,167,37.12,0.29,18.87,26.29,0.13,147,21.08,6.06,0.04,0.02,0.51,0.05,50.13,IFCT2017:D055 | Group: Other Vegetables
2026-05-30,Ladies finger,IFCT 2017,Breakfast,100,g,27.5,2.08,3.62,0.22,4.08,7.37,263,86.12,0.84,66.1,57.48,0.45,69.1,22.51,7.46,0.04,0.07,0.61,0.27,63.68,IFCT2017:D056 | Group: Other Vegetables
2026-05-30,"Mango, green, raw",IFCT 2017,Breakfast,100,g,49.0,0.69,10.59,0.08,3.01,33.15,147,27,0.4,17.54,14.92,0.09,84.31,90.24,7.68,0.02,0.02,0.26,0.13,25.86,IFCT2017:D057 | Group: Other Vegetables
2026-05-30,"Onion, stalk",IFCT 2017,Breakfast,100,g,25.6,2.07,2.99,0.26,5.21,15.52,312,31.12,3.09,66.71,28.53,0.99,700,27.23,6.81,0.03,0.05,0.14,0.17,57.61,IFCT2017:D058 | Group: Other Vegetables
2026-05-30,"Papaya, raw",IFCT 2017,Breakfast,100,g,23.9,0.5,4.4,0.23,2.28,7.55,173,22.72,0.2,15.03,24.11,0.08,240.8,20.73,7.8,0.02,0.03,0.12,0.03,29.79,IFCT2017:D059 | Group: Other Vegetables
2026-05-30,Parwar,IFCT 2017,Breakfast,100,g,24.1,1.4,3.54,0.3,2.61,2.29,117,30.76,0.5,24.59,33.81,0.23,13.1,19.24,0.69,0.05,0.05,0.67,0.2,19.96,IFCT2017:D060 | Group: Other Vegetables
2026-05-30,"Peas, fresh",IFCT 2017,Breakfast,100,g,81.3,7.25,11.88,0.13,6.32,3.66,249,28.24,1.58,40.11,55.95,1.09,121,38.4,12.91,0.27,0.03,1.28,0.19,54.77,IFCT2017:D061 | Group: Other Vegetables
2026-05-30,"Plantain, flower",IFCT 2017,Breakfast,100,g,21.3,1.47,2.15,0.63,5.25,7.51,488,34.06,0.4,39.76,47.31,0.42,35.36,6.49,1.29,0.02,0.02,0.28,0.13,49.27,IFCT2017:D062 | Group: Other Vegetables
2026-05-30,"Plantain, green",IFCT 2017,Breakfast,100,g,79.8,1.18,17.58,0.23,3.6,18.57,402,13.8,0.34,35.64,31.69,0.23,3.01,23.28,0.27,0.01,0.05,0.33,0.1,18.96,IFCT2017:D063 | Group: Other Vegetables
2026-05-30,"Plantain, stem",IFCT 2017,Breakfast,100,g,39.4,0.35,8.64,0.16,2.12,23.17,373,11.24,0.26,32.82,16.31,0.14,2.39,3.77,0.32,0.02,0.02,0.18,0.14,12.85,IFCT2017:D064 | Group: Other Vegetables
2026-05-30,"Pumpkin, green, cylindrical",IFCT 2017,Breakfast,100,g,24.6,0.87,4.22,0.18,2.53,5.21,186,24.1,0.29,13.27,24.51,0.14,426.91,7.29,1.07,0.03,0.02,0.44,0.05,31.6,IFCT2017:D065 | Group: Other Vegetables
2026-05-30,"Pumpkin, orange, round",IFCT 2017,Breakfast,100,g,23.2,0.84,4,0.16,2.56,8.81,253,23.06,0.36,10.43,22.18,0.11,239.74,8.04,1.4,0.03,0.03,0.41,0.08,24.14,IFCT2017:D066 | Group: Other Vegetables
2026-05-30,"Red gram, tender, fresh",IFCT 2017,Breakfast,100,g,124.3,8.09,19.46,0.92,5.9,2.54,616,58.58,1.18,56.95,141,1.1,165,15.13,28.96,0.23,0.09,2.14,0.3,94.21,IFCT2017:D067 | Group: Other Vegetables
2026-05-30,Ridge gourd,IFCT 2017,Breakfast,100,g,13.1,0.91,1.72,0.14,1.81,4.71,118,13.7,0.42,16.15,33.06,0.22,348,5.42,0.37,0.02,0.01,0.2,0.07,29.26,IFCT2017:D068 | Group: Other Vegetables
2026-05-30,"Ridge gourd, smooth skin",IFCT 2017,Breakfast,100,g,15.3,0.98,2.24,0.13,1.85,6.27,125,14.96,0.5,17.66,39.25,0.26,349,8.1,0.34,0.02,0.01,0.21,0.09,27.36,IFCT2017:D069 | Group: Other Vegetables
2026-05-30,"Snake gourd, long, pale green",IFCT 2017,Breakfast,100,g,12.4,0.98,1.27,0.25,2.27,7.07,100,24.6,0.32,18.7,23.27,0.14,61.29,2.72,2.67,0.03,0.03,0.34,0.1,18.34,IFCT2017:D070 | Group: Other Vegetables
2026-05-30,"Snake gourd, long, dark green",IFCT 2017,Breakfast,100,g,12.0,0.89,1.23,0.25,2.27,5.04,104,27.11,0.47,21.7,31.03,0.2,61.64,2.85,3.08,0.03,0.03,0.33,0.07,16.52,IFCT2017:D071 | Group: Other Vegetables
2026-05-30,"Snake gourd, short",IFCT 2017,Breakfast,100,g,14.6,0.54,2.15,0.26,2.29,2.5,84,17.9,0.2,15.07,21.33,0.11,62.84,2.3,3.12,0.03,0.02,0.33,0.06,17.74,IFCT2017:D072 | Group: Other Vegetables
2026-05-30,"Tinda, tender",IFCT 2017,Breakfast,100,g,13.9,1.02,1.9,0.17,2,20.61,56.18,19.68,0.41,18.96,30.37,0.2,7.96,14.2,2.76,0.02,0.03,0.56,0.06,43.23,IFCT2017:D073 | Group: Other Vegetables
2026-05-30,"Tomato, green",IFCT 2017,Breakfast,100,g,20.8,1.12,3.18,0.27,1.62,13.11,225,8.49,0.42,13.57,22.5,0.16,38.13,16.41,1.1,0.08,0.05,0.46,0.07,12.51,IFCT2017:D074 | Group: Other Vegetables
2026-05-30,"Tomato, ripe, hybrid",IFCT 2017,Breakfast,100,g,18.9,0.76,3.2,0.25,1.58,11.86,167,8.9,0.22,11.86,15.45,0.11,1520.32,25.27,11.83,0.04,0.02,0.51,0.08,15.41,IFCT2017:D075 | Group: Other Vegetables
2026-05-30,"Tomato, ripe, local",IFCT 2017,Breakfast,100,g,19.6,0.9,2.71,0.47,1.77,9.73,204,10.17,0.3,13.65,18.77,0.12,914.37,27.47,12.24,0.03,0.03,0.52,0.09,19.46,IFCT2017:D076 | Group: Other Vegetables
2026-05-30,"Zucchini, green",IFCT 2017,Breakfast,100,g,20.1,1.1,2.33,0.51,2.3,0.4,178,17.26,0.52,15.41,21.38,0.29,85.79,15.78,0.4,0.05,0.09,1.03,0.25,18.85,IFCT2017:D077 | Group: Other Vegetables
2026-05-30,"Zucchini, yellow",IFCT 2017,Breakfast,100,g,18.9,1.31,2.2,0.44,1.84,0.39,131,20.98,0.34,10.82,32.03,0.27,69.9,16.71,0.38,0.03,0.02,0.42,0.2,21.5,IFCT2017:D078 | Group: Other Vegetables
2026-05-30,"Apple, big",IFCT 2017,Breakfast,100,g,62.4,0.29,13.11,0.64,2.59,1.43,116,13.68,0.26,8.09,10.44,0.09,2.41,3.57,1.46,0.03,0.01,0.25,0.04,3.04,IFCT2017:E001 | Group: Fruits
2026-05-30,"Apple, green",IFCT 2017,Breakfast,100,g,51.1,0.46,10.65,0.5,2.54,1.47,94.55,6.53,0.2,5.42,7.48,0.08,2.2,2.9,2.45,0.01,0.02,0.21,0.08,3.43,IFCT2017:E002 | Group: Fruits
2026-05-30,"Apple, small",IFCT 2017,Breakfast,100,g,63.8,0.31,13.95,0.53,2.06,1.45,100,5.39,0.25,5.48,8.39,0.05,2.08,4,1.86,0.01,0.01,0.09,0.03,3.52,IFCT2017:E003 | Group: Fruits
2026-05-30,"Apple, small, Kashmir",IFCT 2017,Breakfast,100,g,64.3,0.27,13.99,0.6,2.07,1.22,106,4.72,0.21,5.19,10.72,0.08,2.11,4.24,2.04,0.01,0.01,0.09,0.04,3.97,IFCT2017:E004 | Group: Fruits
2026-05-30,"Apricot, dried",IFCT 2017,Breakfast,100,g,315.7,3.17,72.63,0.74,3.32,3.94,285,28.57,2.5,14.04,72.02,0.41,1806,0.42,3.98,0.04,0.04,1.66,0.1,10.5,IFCT2017:E005 | Group: Fruits
2026-05-30,"Apricot, processed",IFCT 2017,Breakfast,100,g,56.4,1.47,10.93,0.64,0.59,1.6,95,5.42,1.12,4.29,27.33,0.26,1372,7.98,4.31,0.25,0.04,1.07,0.17,5.42,IFCT2017:E006 | Group: Fruits
2026-05-30,Avocado fruit,IFCT 2017,Breakfast,100,g,144.4,2.95,1.75,13.86,6.69,2.81,377,28.48,0.81,48.14,63.14,0.75,12,9.36,2.1,0.07,0.08,0.9,0.18,67.17,IFCT2017:E007 | Group: Fruits
2026-05-30,Bael fruit,IFCT 2017,Breakfast,100,g,136.0,2.63,28.21,0.57,6.31,1.56,409,47.95,0.23,34.1,37.29,0.14,2.5,7.5,1.6,0.03,0.04,0.25,0.03,55.22,IFCT2017:E008 | Group: Fruits
2026-05-30,"Banana, ripe, montham",IFCT 2017,Breakfast,100,g,110.7,1.25,24.95,0.32,2.21,1.25,362,6.77,0.4,30.22,20.85,0.15,56.63,8.06,0.2,0.01,0.04,0.48,0.51,17.93,IFCT2017:E009 | Group: Fruits
2026-05-30,"Banana, ripe, poovam",IFCT 2017,Breakfast,100,g,106.4,1.49,23.41,0.35,2.33,1,335,8.73,0.35,43.79,33.63,0.17,59.04,6.74,0.24,0.01,0.03,0.43,0.5,19.95,IFCT2017:E010 | Group: Fruits
2026-05-30,"Banana, ripe, red",IFCT 2017,Breakfast,100,g,111.6,1.29,25.21,0.29,1.98,1.11,313,9.56,0.24,31.44,23.27,0.09,53.64,6.74,0.21,0.01,0.02,0.46,0.45,18.92,IFCT2017:E011 | Group: Fruits
2026-05-30,"Banana, ripe, robusta",IFCT 2017,Breakfast,100,g,105.2,1.23,23.63,0.33,1.94,0.85,306,5.07,0.28,34.98,24.32,0.14,60.35,4.76,0.22,0.01,0.03,0.47,0.44,16.81,IFCT2017:E012 | Group: Fruits
2026-05-30,Black berry,IFCT 2017,Breakfast,100,g,54.3,0.92,10.64,0.63,4.35,1.21,205,23.81,0.63,30.9,20.08,0.11,52.32,19.45,14.65,0.01,0.02,0.4,0.05,22.95,IFCT2017:E013 | Group: Fruits
2026-05-30,"Cherries, red",IFCT 2017,Breakfast,100,g,59.8,1.49,11.87,0.46,2.12,1.64,165,23.88,0.36,14.37,25.31,0.12,40.78,8.82,4.3,0.07,0.02,0.19,0.04,4.92,IFCT2017:E014 | Group: Fruits
2026-05-30,"Currants, black",IFCT 2017,Breakfast,100,g,54.3,1.51,9.93,0.53,4.07,1.45,283,40.32,1.36,16.66,78.8,0.21,62.48,182,3.01,0.03,0.03,0.35,0.09,8.48,IFCT2017:E015 | Group: Fruits
2026-05-30,Custard apple,IFCT 2017,Breakfast,100,g,98.9,1.62,20.38,0.67,5.1,3.11,278,28.2,0.42,38.47,40.81,0.22,0,21.51,0.18,0.13,0.09,0.69,0.07,7.6,IFCT2017:E016 | Group: Fruits
2026-05-30,"Dates, dry, pale brown",IFCT 2017,Breakfast,100,g,320.3,2.45,74.91,0.35,8.95,3.27,804,71.2,3.2,73.79,73.02,0.7,2700,4.42,2.6,0.03,0.03,1.47,0.14,18.65,IFCT2017:E017 | Group: Fruits
2026-05-30,"Dates, dry, dark brown",IFCT 2017,Breakfast,100,g,310.9,2.38,72.67,0.35,9.1,3.09,782,66.13,4.79,75.23,70.26,0.58,2705,3.84,0.68,0.02,0.03,1.09,0.153,12.8,IFCT2017:E018 | Group: Fruits
2026-05-30,"Dates, processed",IFCT 2017,Breakfast,100,g,286.1,1.18,67.95,0.41,6.52,1.6,289,15.73,0.89,14.34,33.88,0.42,2781,15.51,0.83,0.05,0.02,0.51,0.06,24.53,IFCT2017:E019 | Group: Fruits
2026-05-30,Fig,IFCT 2017,Breakfast,100,g,81.5,2.03,16.28,0.37,4.64,2.37,231,78.52,0.69,26.18,21.62,0.22,2.4,16.92,1.47,0.04,0.02,0.27,0.15,13.67,IFCT2017:E020 | Group: Fruits
2026-05-30,Goosberry,IFCT 2017,Breakfast,100,g,23.7,0.34,4.39,0.16,7.75,1.37,223,20.14,1.25,6.5,21.85,0.05,1.58,252,0.27,0.01,0.03,0.12,0.27,7.86,IFCT2017:E021 | Group: Fruits
2026-05-30,"Grapes, seeded, round, black",IFCT 2017,Breakfast,100,g,60.7,0.76,13.23,0.32,1.35,1.93,171,10.57,0.22,7.47,21.04,0.05,29.36,18.3,6.19,0.03,0.03,0.14,0.11,8.69,IFCT2017:E022 | Group: Fruits
2026-05-30,"Grapes, seeded, round, green",IFCT 2017,Breakfast,100,g,56.2,0.77,12.19,0.29,1.25,1.89,166,11.16,0.24,6.87,19.5,0.05,30.77,17.1,3.59,0.03,0.02,0.13,0.09,8.35,IFCT2017:E023 | Group: Fruits
2026-05-30,"Grapes, seeded, round, red",IFCT 2017,Breakfast,100,g,58.3,0.95,12.55,0.29,1.28,1.59,188,11.27,0.33,7.06,27.91,0.07,19.94,20.59,6.87,0.04,0.03,0.1,0.1,7.49,IFCT2017:E024 | Group: Fruits
2026-05-30,"Grapes, seedless, oval, black",IFCT 2017,Breakfast,100,g,94.4,1.41,20.48,0.46,1.64,1.83,237,15.26,0.28,11.29,29.02,0.1,19.73,27.32,6.42,0.03,0.02,0.15,0.11,7.22,IFCT2017:E025 | Group: Fruits
2026-05-30,"Grapes, seedless, round, green",IFCT 2017,Breakfast,100,g,53.5,0.62,11.81,0.26,1.28,1.81,168,14.22,0.24,8.43,20.27,0.05,25.46,16.47,3.54,0.04,0.03,0.12,0.08,8.31,IFCT2017:E026 | Group: Fruits
2026-05-30,"Grapes, seedless, round, black",IFCT 2017,Breakfast,100,g,89.4,1.24,19.86,0.35,1.15,1.92,235,18.75,0.39,10.8,26.68,0.09,20.58,22.79,6.23,0.03,0.03,0.13,0.08,8.89,IFCT2017:E027 | Group: Fruits
2026-05-30,"Guava, white flesh",IFCT 2017,Breakfast,100,g,32.3,1.44,5.13,0.32,8.59,2.87,283,18.52,0.32,15.26,23.54,0.23,298,214,1.68,0.05,0.04,0.6,0.11,29.76,IFCT2017:E028 | Group: Fruits
2026-05-30,"Guava, pink flesh",IFCT 2017,Breakfast,100,g,46.6,1.19,9.14,0.25,7.39,1.89,270,14.22,0.4,13.26,29.93,0.21,267,222,0.93,0.03,0.03,0.59,0.16,32.17,IFCT2017:E029 | Group: Fruits
2026-05-30,"Jack fruit, ripe",IFCT 2017,Breakfast,100,g,72.2,2.74,14.01,0.15,3.62,1.62,279,35.03,0.36,31.84,23.02,0.17,23.53,6.73,7.49,0.05,0.01,0.42,0.22,32.15,IFCT2017:E030 | Group: Fruits
2026-05-30,"Jambu fruit, ripe",IFCT 2017,Breakfast,100,g,56.2,0.82,12.3,0.17,3.07,2.64,103,25.36,0.33,27.97,9.6,0.06,1.55,16.47,0.82,0.02,0.02,0.14,0.03,7.63,IFCT2017:E031 | Group: Fruits
2026-05-30,Karonda fruit,IFCT 2017,Breakfast,100,g,33.7,1.15,2.87,1.67,7.25,2.55,351,10.81,0.87,24.45,32.62,0.25,15.64,135,1.43,0.01,0.02,0.25,0.08,8.72,IFCT2017:E032 | Group: Fruits
2026-05-30,"Lemon, juice",IFCT 2017,Breakfast,100,g,36.6,0.41,0,0.75,0,1.21,113,22.68,0.12,8.9,9.86,0.08,2.62,48.16,0.39,0.04,0.01,0.1,0.03,12.43,IFCT2017:E033 | Group: Fruits
2026-05-30,"Lime, sweet, pulp",IFCT 2017,Breakfast,100,g,27.2,0.76,5.18,0.2,2.07,1.17,182,25.79,0.11,15.4,20.55,0.05,2.54,46.96,0.3,0.06,0.01,0.17,0.05,15.38,IFCT2017:E034 | Group: Fruits
2026-05-30,Litchi,IFCT 2017,Breakfast,100,g,53.8,0.99,11.41,0.26,1.34,0.54,161,5.77,0.79,14.58,23.32,0.24,1.47,33.82,0.33,0.02,0.06,0.23,0.07,15.69,IFCT2017:E035 | Group: Fruits
2026-05-30,"Mango, ripe, banganapalli",IFCT 2017,Breakfast,100,g,41.8,0.54,8.18,0.55,1.88,1.34,144,15.77,0.51,13.35,11.07,0.12,1170.72,32.97,3.71,0.03,0.04,0.26,0.12,82.05,IFCT2017:E036 | Group: Fruits
2026-05-30,"Mango, ripe, gulabkhas",IFCT 2017,Breakfast,100,g,50.0,0.52,10.32,0.53,1.67,1.39,115,19.33,0.38,11.53,10.66,0.06,670.58,27.65,3.91,0.03,0.04,0.23,0.13,84.35,IFCT2017:E037 | Group: Fruits
2026-05-30,"Mango, ripe, himsagar",IFCT 2017,Breakfast,100,g,44.7,0.46,9.03,0.54,1.55,1.31,137,15.54,0.29,12.07,12.25,0.12,1186.6,49.09,3.73,0.03,0.03,0.27,0.1,90.98,IFCT2017:E038 | Group: Fruits
2026-05-30,"Mango, ripe, kesar",IFCT 2017,Breakfast,100,g,55.2,0.54,11.36,0.57,2.02,1.43,143,15.74,0.43,12.53,12.36,0.1,1270.96,29.08,3.68,0.03,0.04,0.26,0.1,90.43,IFCT2017:E039 | Group: Fruits
2026-05-30,"Mango, ripe, neelam",IFCT 2017,Breakfast,100,g,42.5,0.68,8.21,0.55,1.77,1.2,137,11.36,0.36,10.1,11.63,0.07,1293.51,29.93,3.72,0.03,0.04,0.23,0.12,68.7,IFCT2017:E040 | Group: Fruits
2026-05-30,"Mango, ripe, paheri",IFCT 2017,Breakfast,100,g,44.9,0.68,8.67,0.58,1.97,1.63,153,15.11,0.51,14.28,15.18,0.2,1063.49,30.75,3.62,0.03,0.04,0.28,0.23,65.28,IFCT2017:E041 | Group: Fruits
2026-05-30,"Mango, ripe, totapari",IFCT 2017,Breakfast,100,g,59.3,0.41,12.75,0.49,1.73,1.32,160,13.34,0.28,12.55,9.87,0.08,606.56,25.26,3.77,0.02,0.05,0.27,0.12,77.69,IFCT2017:E042 | Group: Fruits
2026-05-30,Mangosteen,IFCT 2017,Breakfast,100,g,52.3,0.63,11.41,0.24,1.87,3.79,46.93,4.69,0.28,12,7.18,0.21,1.8,26.33,0,0.01,0.01,0.58,0.18,13.52,IFCT2017:E043 | Group: Fruits
2026-05-30,Manila tamarind,IFCT 2017,Breakfast,100,g,81.7,3.56,13.54,1.14,4.4,1.35,376,8.51,0.71,32.98,73.53,0.56,2.2,55.78,0,0.18,0.14,0.4,0.04,4.24,IFCT2017:E044 | Group: Fruits
2026-05-30,"Musk melon, orange flesh",IFCT 2017,Breakfast,100,g,23.2,0.42,4.24,0.35,1.51,14.94,206,9.8,0.18,11.62,17.28,0.09,771,22.76,4.41,0.01,0.01,0.41,0.05,22.31,IFCT2017:E045 | Group: Fruits
2026-05-30,"Musk melon, yellow flesh",IFCT 2017,Breakfast,100,g,27.7,0.53,5.4,0.26,1.49,15.78,196,9.02,0.21,9.81,13.09,0.09,6.87,21.32,2.33,0.01,0.02,0.43,0.06,20.23,IFCT2017:E046 | Group: Fruits
2026-05-30,"Orange, pulp",IFCT 2017,Breakfast,100,g,37.3,0.7,7.92,0.13,1.29,1.47,164,19.52,0.81,11.05,12.9,0.04,81.72,42.72,0.34,0.07,0.02,0.28,0.04,19.46,IFCT2017:E047 | Group: Fruits
2026-05-30,"Palm fruit, tender",IFCT 2017,Breakfast,100,g,24.1,0.5,4.92,0.12,2.4,1.25,158,0,0,0,0,0.05,0,0.25,0,0.01,0.46,0,0.07,24.4,IFCT2017:E048 | Group: Fruits
2026-05-30,"Papaya, ripe",IFCT 2017,Breakfast,100,g,23.9,0.42,4.61,0.16,2.83,6.68,173,15.02,0.23,10.97,17.73,0.08,1342,43.09,11.47,0.03,0.11,0.33,0.04,60.9,IFCT2017:E049 | Group: Fruits
2026-05-30,Peach,IFCT 2017,Breakfast,100,g,40.2,0.86,7.82,0.37,2.13,1.15,281,6.98,0.35,8.06,19.08,0.1,0,5.49,2.41,0.02,0.02,0.29,0.1,6.34,IFCT2017:E050 | Group: Fruits
2026-05-30,Pear,IFCT 2017,Breakfast,100,g,37.5,0.36,8.09,0.27,4.48,1.64,106,6.55,0.28,7.61,6.74,0.07,14.6,3.31,1.48,0.02,0.02,0.13,0.09,5.28,IFCT2017:E051 | Group: Fruits
2026-05-30,Phalsa,IFCT 2017,Breakfast,100,g,71.5,1.66,15.09,0.14,4.54,1.99,362,153,2.01,76.92,23.65,0.48,7.39,5.11,1.34,0.03,0.06,0.4,0.03,22.56,IFCT2017:E052 | Group: Fruits
2026-05-30,Pineapple,IFCT 2017,Breakfast,100,g,43.0,0.52,9.42,0.16,3.46,1.43,143,10.88,0.28,12.68,13.56,0.1,31.21,36.37,0.21,0.05,0.03,0.12,0.13,18.21,IFCT2017:E053 | Group: Fruits
2026-05-30,Plum,IFCT 2017,Breakfast,100,g,56.9,0.64,12.1,0.4,2.07,1.55,162,7.61,0.25,7.79,13.83,0.1,1.32,2.26,3.32,0.02,0.02,0.44,0.05,14.29,IFCT2017:E054 | Group: Fruits
2026-05-30,"Pomegranate, maroon seeds",IFCT 2017,Breakfast,100,g,54.7,1.33,11.58,0.15,2.83,2.13,206,10.65,0.31,11.07,27.2,0.18,2.05,12.69,109,0.06,0.01,0.2,0.29,38.64,IFCT2017:E055 | Group: Fruits
2026-05-30,Pummelo,IFCT 2017,Breakfast,100,g,50.2,0.68,10.64,0.42,0.8,1.06,189,14.03,0.06,6.83,13.99,0.06,11.98,48.89,0.98,0.06,0.02,0.23,0.04,13.44,IFCT2017:E056 | Group: Fruits
2026-05-30,"Raisins, dried, black",IFCT 2017,Breakfast,100,g,305.7,2.57,71.29,0.34,3.92,10.99,1105,73.24,6.81,33.76,77.62,0.22,3.71,2.05,1.76,0.09,0.04,0.48,0.17,38.3,IFCT2017:E057 | Group: Fruits
2026-05-30,"Raisins, dried, golden",IFCT 2017,Breakfast,100,g,296.6,2.76,68.79,0.35,4.56,10.16,913,51.83,4.26,28.32,93.3,0.25,2.53,1.85,11.87,0.09,0.04,0.64,0.17,34.68,IFCT2017:E058 | Group: Fruits
2026-05-30,Rambutan,IFCT 2017,Breakfast,100,g,73.1,0.68,16.84,0.16,1.02,1.75,131,8.67,0.37,21.38,6.98,0.53,2.9,65,2.4,0.11,0.01,0.26,0.04,7.35,IFCT2017:E059 | Group: Fruits
2026-05-30,Sapota,IFCT 2017,Breakfast,100,g,73.4,0.92,13.9,1.26,9.6,4.61,280,17.87,0.49,16.19,22.26,0.18,80.7,20.96,0.65,0.01,0.03,0.24,0.12,10.83,IFCT2017:E060 | Group: Fruits
2026-05-30,Soursop,IFCT 2017,Breakfast,100,g,62.1,0.74,11.94,0.94,4.95,6.78,264,10.05,0.29,17.7,25.83,0.12,2.2,59.54,3.24,0.03,0.04,0.85,0.03,6.09,IFCT2017:E061 | Group: Fruits
2026-05-30,Star fruit,IFCT 2017,Breakfast,100,g,26.3,0.79,4.51,0.39,2.81,1.56,159,4.97,0.45,11.53,11.67,0.24,1.4,33.55,0.96,0.08,0.02,0.34,0.06,8.43,IFCT2017:E062 | Group: Fruits
2026-05-30,Strawberry,IFCT 2017,Breakfast,100,g,24.6,0.97,3.4,0.56,2.5,1.19,140,15.28,0.36,15.53,26.31,0.14,2.19,50.2,3.95,0.06,0.01,0.48,0.09,8.91,IFCT2017:E063 | Group: Fruits
2026-05-30,"Tamarind, pulp",IFCT 2017,Breakfast,100,g,288.5,2.92,67.35,0.15,5.31,24.92,836,149,9.16,82.73,113,0.58,1.54,3.62,25.65,0.34,0.07,1.56,0.08,9.79,IFCT2017:E064 | Group: Fruits
2026-05-30,"Water melon, dark green (sugar baby)",IFCT 2017,Breakfast,100,g,20.3,0.6,3.86,0.16,0.7,1.89,124,5.29,0.22,9.91,11.33,0.1,605,13.26,0.56,0.02,0.02,0.28,0.1,5.88,IFCT2017:E065 | Group: Fruits
2026-05-30,"Water melon, pale green",IFCT 2017,Breakfast,100,g,16.7,0.59,3.02,0.16,0.78,1.62,126,4.35,0.16,7.42,8.09,0.07,576,11.45,0.56,0.02,0.02,0.3,0.07,5.55,IFCT2017:E066 | Group: Fruits
2026-05-30,Wood apple,IFCT 2017,Breakfast,100,g,78.2,3.14,7.52,3.62,5.21,1.48,347,55.71,0.45,23.7,84.32,0.31,3.81,22.17,28.71,0.04,0.01,0.55,0.17,6.51,IFCT2017:E067 | Group: Fruits
2026-05-30,Zizyphus,IFCT 2017,Breakfast,100,g,48.8,1.34,9.4,0.35,3.73,1.52,237,46.55,0.4,16.72,32.38,0.1,1.5,60.93,16.7,0.01,0.02,0.33,0.11,5.99,IFCT2017:E068 | Group: Fruits
2026-05-30,Beetroot,IFCT 2017,Breakfast,100,g,35.6,1.95,6.18,0.14,3.31,69.44,306,17.28,0.76,33.21,36.33,0.3,10.14,5.26,0.18,0.01,0.01,0.21,0.07,97.37,IFCT2017:F001 | Group: Roots and Tubers
2026-05-30,"Carrot, orange",IFCT 2017,Breakfast,100,g,33.2,0.95,5.55,0.47,4.18,52.33,273,35.09,0.6,16.73,43.06,0.25,8077,6.22,1.36,0.04,0.03,0.22,0.11,24.04,IFCT2017:F002 | Group: Roots and Tubers
2026-05-30,"Carrot, red",IFCT 2017,Breakfast,100,g,38.2,1.04,6.71,0.47,4.49,60.69,267,41.06,0.71,18.83,25.81,0.34,3834,6.76,1.39,0.04,0.03,0.25,0.07,23.67,IFCT2017:F003 | Group: Roots and Tubers
2026-05-30,Colocasia,IFCT 2017,Breakfast,100,g,88.9,3.31,17.85,0.17,3.22,4.54,514,30.18,0.66,36.93,81.16,0.41,6.5,1.83,0.27,0.06,0.03,0.51,0.17,19.91,IFCT2017:F004 | Group: Roots and Tubers
2026-05-30,Lotus root,IFCT 2017,Breakfast,100,g,79.3,1.94,14.67,0.93,4.7,20.63,611,37.71,3.34,26.58,74.3,0.35,0,26.63,0.27,0.07,0.05,0.43,0.19,26.49,IFCT2017:F005 | Group: Roots and Tubers
2026-05-30,"Potato, brown skin, big",IFCT 2017,Breakfast,100,g,69.8,1.54,14.89,0.23,1.71,4.11,541,9.52,0.57,24.07,43.42,0.28,0,23.15,0.19,0.06,0.01,1.04,0.1,15.51,IFCT2017:F006 | Group: Roots and Tubers
2026-05-30,"Potato, brown skin, small",IFCT 2017,Breakfast,100,g,60.9,1.35,12.9,0.22,1.69,3.97,474,8.53,0.53,22.34,37.9,0.38,0,26.41,0.22,0.05,0.01,1.36,0.12,13.85,IFCT2017:F007 | Group: Roots and Tubers
2026-05-30,"Potato, red skin",IFCT 2017,Breakfast,100,g,73.1,1.83,15.43,0.22,1.68,4.36,501,8.62,0.66,25.54,30.39,0.34,0,25.04,0.2,0.06,0.01,1.13,0.1,17.83,IFCT2017:F008 | Group: Roots and Tubers
2026-05-30,"Radish, elongate, red skin",IFCT 2017,Breakfast,100,g,32.0,0.67,6.71,0.13,2.46,24.73,255,28.44,0.37,13.34,27.51,0.16,1.62,17.63,0.04,0.03,0.02,0.31,0.07,24.65,IFCT2017:F009 | Group: Roots and Tubers
2026-05-30,"Radish, elongate, white skin",IFCT 2017,Breakfast,100,g,32.3,0.77,6.56,0.15,2.65,28.2,288,30.2,0.36,16.07,30.1,0.22,0,19.91,0.05,0.02,0.02,0.3,0.07,29.75,IFCT2017:F010 | Group: Roots and Tubers
2026-05-30,"Radish, round, red skin",IFCT 2017,Breakfast,100,g,31.1,0.89,6.07,0.16,2.29,32.27,308,35.76,0.42,22.25,28.27,0.18,1.2,15.69,0.05,0.03,0.02,0.3,0.07,24.59,IFCT2017:F011 | Group: Roots and Tubers
2026-05-30,"Radish, round, white skin",IFCT 2017,Breakfast,100,g,30.8,0.8,6.13,0.14,2.37,24.14,287,34.23,0.41,15.46,29.47,0.17,0,14,0.04,0.03,0.02,0.24,0.07,22.6,IFCT2017:F012 | Group: Roots and Tubers
2026-05-30,"Sweet potato, brown skin",IFCT 2017,Breakfast,100,g,109.0,1.33,24.25,0.26,3.99,29.6,345,27.5,0.35,17.37,42.96,0.16,5376,17.94,1.26,0.07,0.04,0.67,0.12,15.62,IFCT2017:F013 | Group: Roots and Tubers
2026-05-30,"Sweet potato, pink skin",IFCT 2017,Breakfast,100,g,108.0,1.27,23.93,0.33,3.94,29.04,329,28.93,0.51,21.05,37.6,0.14,11.12,22.2,1.64,0.06,0.04,0.69,0.09,14.44,IFCT2017:F014 | Group: Roots and Tubers
2026-05-30,Tapioca,IFCT 2017,Breakfast,100,g,79.8,1.03,17.81,0.2,4.61,10.86,255,25.89,0.81,23.08,42.55,0.17,0,15.51,0.13,0.07,0.02,0.45,0.09,25.64,IFCT2017:F015 | Group: Roots and Tubers
2026-05-30,Water Chestnut,IFCT 2017,Breakfast,100,g,95.6,0.86,21.46,0.37,3.02,13.08,382,37.15,0.77,57.43,62.83,0.67,0,5.26,1.2,0.02,0.02,0.74,0.13,9.8,IFCT2017:F016 | Group: Roots and Tubers
2026-05-30,"Yam, elephant",IFCT 2017,Breakfast,100,g,84.4,2.56,17.46,0.14,4.17,14.33,501,46.91,1.22,33.51,43.06,0.26,208.32,15.22,1.3,0.04,0.05,0.61,0.22,20.54,IFCT2017:F017 | Group: Roots and Tubers
2026-05-30,"Yam, ordinary",IFCT 2017,Breakfast,100,g,83.4,2.18,17.65,0.17,4.08,15.28,463,16.19,0.77,30.4,49.46,0.33,158,13.88,0.23,0.04,0.02,0.56,0.17,15.68,IFCT2017:F018 | Group: Roots and Tubers
2026-05-30,"Yam, wild",IFCT 2017,Breakfast,100,g,102.8,3.07,20.95,0.3,4.57,12.8,654,44.13,1.04,31.75,55.94,0.31,238.95,14.06,1.18,0.121,0.015,0.7,0.2,21.01,IFCT2017:F019 | Group: Roots and Tubers
2026-05-30,"Chillies, green-1",IFCT 2017,Breakfast,100,g,45.7,2.62,6.32,0.73,4.86,3.32,431,24.1,1.46,34.72,62.16,0.31,31.69,79.5,3.14,0.11,0.09,0.8,0.45,25.31,IFCT2017:G001 | Group: Condiments and Spices
2026-05-30,"Chillies, green-2",IFCT 2017,Breakfast,100,g,39.9,2.28,5.27,0.75,5.13,2.47,321,16.86,1.24,27.54,51.72,0.26,232,90.97,3.49,0.08,0.09,0.93,0.29,25.93,IFCT2017:G002 | Group: Condiments and Spices
2026-05-30,"Chillies, green-3",IFCT 2017,Breakfast,100,g,40.4,2.38,5.23,0.75,5.1,2.56,317,18.04,1.25,29.9,50.24,0.27,158,93.63,3.17,0.09,0.11,0.87,0.24,20.45,IFCT2017:G003 | Group: Condiments and Spices
2026-05-30,"Chillies, green-4",IFCT 2017,Breakfast,100,g,45.4,2.33,6.63,0.74,4.15,1.94,318,15.87,1.08,29.74,42.79,0.28,67.84,102,2.87,0.09,0.12,0.9,0.18,15.92,IFCT2017:G004 | Group: Condiments and Spices
2026-05-30,"Chillies, green-5",IFCT 2017,Breakfast,100,g,43.0,2.01,6.64,0.65,3.95,2.19,317,15.31,0.93,23.96,44.35,0.31,45.41,97.77,3.26,0.08,0.16,1.06,0.2,17.75,IFCT2017:G005 | Group: Condiments and Spices
2026-05-30,"Chillies, green-6",IFCT 2017,Breakfast,100,g,41.8,3.01,5.31,0.64,5.15,2.43,340,24.82,0.75,34.8,56.05,0.29,508,108,2.19,0.07,0.13,0.92,0.29,18.87,IFCT2017:G006 | Group: Condiments and Spices
2026-05-30,"Chillies, green-7",IFCT 2017,Breakfast,100,g,39.0,2.12,5.61,0.6,4.95,2,319,16.85,1.23,26.71,45.58,0.17,44,112,2.43,0.08,0.11,0.8,0.22,19.39,IFCT2017:G007 | Group: Condiments and Spices
2026-05-30,"Chillies, green - all varieties",IFCT 2017,Breakfast,100,g,42.3,2.36,5.86,0.72,4.77,2.5,341,18.45,1.2,29.51,50.91,0.27,125,94.07,3.11,0.09,0.11,0.89,0.28,21.5,IFCT2017:G008 | Group: Condiments and Spices
2026-05-30,Coriander leaves,IFCT 2017,Breakfast,100,g,31.1,3.52,1.93,0.7,4.66,37,546,146,5.3,72.68,64.69,0.68,3808,23.87,3.55,0.09,0.05,0.73,0.19,51.01,IFCT2017:G009 | Group: Condiments and Spices
2026-05-30,Curry leaves,IFCT 2017,Breakfast,100,g,63.6,7.41,4.51,1.06,16.83,18.66,584,659,8.67,182,83.29,1.18,7807,6.04,117,0.07,0.13,0.85,0.57,117,IFCT2017:G010 | Group: Condiments and Spices
2026-05-30,"Garlic, big cloves",IFCT 2017,Breakfast,100,g,123.8,6.92,21.93,0.16,5.22,9.42,430,20.08,1.05,27.08,119,0.89,0,12.62,1.88,0.2,0.25,0.38,0.56,85.77,IFCT2017:G011 | Group: Condiments and Spices
2026-05-30,"Garlic, small cloves",IFCT 2017,Breakfast,100,g,122.8,6.75,21.84,0.14,5.47,10.56,453,17.63,0.88,25.78,116,0.81,0,13.57,1.97,0.2,0.23,0.36,0.77,78.82,IFCT2017:G012 | Group: Condiments and Spices
2026-05-30,"Garlic, single clove, Kashmir",IFCT 2017,Breakfast,100,g,125.0,6.12,23.46,0.16,4.01,8.87,584,19,1.01,41.13,128,0.66,0,15.38,2.89,0.25,0.22,0.42,0.97,92.25,IFCT2017:G013 | Group: Condiments and Spices
2026-05-30,"Ginger, fresh",IFCT 2017,Breakfast,100,g,55.0,2.22,8.97,0.85,5.36,10.03,407,18.88,1.9,54.66,44.36,0.39,88.85,5.43,4.09,0.04,0.04,0.42,0.2,10.82,IFCT2017:G014 | Group: Condiments and Spices
2026-05-30,Mango ginger,IFCT 2017,Breakfast,100,g,42.3,1.45,6.98,0.7,4.74,5.51,384,13.74,2.31,36.86,68.33,0.47,76.62,1.62,3.1,0.02,0.07,0.45,0.18,22.62,IFCT2017:G015 | Group: Condiments and Spices
2026-05-30,Mint leaves,IFCT 2017,Breakfast,100,g,37.0,4.66,2.39,0.65,5.89,16.87,539,205,8.56,110,65.25,0.75,4602,17.16,3.37,0.02,0.19,0.74,0.17,106,IFCT2017:G016 | Group: Condiments and Spices
2026-05-30,"Onion, big",IFCT 2017,Breakfast,100,g,48.0,1.5,9.56,0.24,2.45,5.5,171,21.03,0.43,17.96,32.34,0.35,1.08,6.69,0.73,0.04,0.01,0.34,0.1,28.88,IFCT2017:G017 | Group: Condiments and Spices
2026-05-30,"Onion, small",IFCT 2017,Breakfast,100,g,56.6,1.82,11.58,0.16,1.16,4.06,160,19.92,0.53,15.16,39.65,0.24,1.1,10.96,0.12,0.07,0.02,0.21,0.12,29.68,IFCT2017:G018 | Group: Condiments and Spices
2026-05-30,Asafoetida,IFCT 2017,Breakfast,100,g,331.5,6.34,71.95,1.26,5.13,16.04,245,266,15.68,96.4,69.09,0.98,6.42,0,12.59,0.82,0.01,0.43,0.02,26.28,IFCT2017:G019 | Group: Condiments and Spices
2026-05-30,"Cardamom, green",IFCT 2017,Breakfast,100,g,255.0,8.1,47.76,2.6,23.1,15.51,1262,378,8.33,330,132,3.71,21.91,0,43.72,0.12,0.07,1.13,0.15,2.85,IFCT2017:G020 | Group: Condiments and Spices
2026-05-30,"Cardamom, black",IFCT 2017,Breakfast,100,g,270.6,6.69,52.53,2.8,23.46,16.25,1331,312,7.94,286,117,4.75,77.48,0,43.55,0.05,0.13,0.52,0.2,4.96,IFCT2017:G021 | Group: Condiments and Spices
2026-05-30,"Chillies, red",IFCT 2017,Breakfast,100,g,236.6,12.69,29.46,6.4,31.15,19.45,2245,99.83,6.23,231,280,1.66,3141,0,24.36,0.46,0.83,6.94,0.42,51.5,IFCT2017:G022 | Group: Condiments and Spices
2026-05-30,Cloves,IFCT 2017,Breakfast,100,g,186.7,5.86,18.73,8.41,34.52,183,1434,567,9.41,334,83.1,1.13,82.06,0,45.07,0.53,0.22,1.15,0.03,32.81,IFCT2017:G023 | Group: Condiments and Spices
2026-05-30,Coriander seeds,IFCT 2017,Breakfast,100,g,268.9,10.66,12.98,17.47,44.81,34.41,1473,718,17.64,343,293,3.91,122,0,1.31,0.19,0.23,1.2,0.04,22.07,IFCT2017:G024 | Group: Condiments and Spices
2026-05-30,Cumin seeds,IFCT 2017,Breakfast,100,g,304.5,13.91,22.62,16.64,30.35,125,1886,878,20.58,442,382,4.29,89.19,0,12.1,0.52,0.13,2.87,0.39,27.79,IFCT2017:G025 | Group: Condiments and Spices
2026-05-30,Fenugreek seeds,IFCT 2017,Breakfast,100,g,234.9,25.41,10.57,5.72,47.55,40.2,891,135,8.47,167,435,3.8,142,0,1.98,0.28,0.14,1.19,0.77,51.11,IFCT2017:G026 | Group: Condiments and Spices
2026-05-30,Mace,IFCT 2017,Breakfast,100,g,355.6,6.24,26.51,24.41,20.31,27.17,623,174,22.69,207,110,1.16,2322,0,44.92,0.13,0.13,0.92,0.3,32.65,IFCT2017:G027 | Group: Condiments and Spices
2026-05-30,Nutmeg,IFCT 2017,Breakfast,100,g,463.7,6.3,27.64,36.52,11.99,14.31,474,148,2.33,212,207,1.45,15.37,0,46.67,0.04,0.05,0.51,0.1,74.78,IFCT2017:G028 | Group: Condiments and Spices
2026-05-30,Omum,IFCT 2017,Breakfast,100,g,357.3,15.89,24.53,21.11,20.58,28.58,1692,1034,13.65,273,329,5.67,797.37,0,2.62,0.3,0.23,1.23,0.24,51.79,IFCT2017:G029 | Group: Condiments and Spices
2026-05-30,Pippali,IFCT 2017,Breakfast,100,g,216.5,10.53,35.7,2.27,34.14,16.28,1852,414,7.99,189,181,1.52,933,0,118,0.06,0.14,1.06,0.6,66.45,IFCT2017:G030 | Group: Condiments and Spices
2026-05-30,"Pepper, black",IFCT 2017,Breakfast,100,g,217.5,10.12,36.22,2.74,33.16,24.08,1487,405,11.91,196,144,1.24,1089,0,25.68,0.06,0.09,0.85,0.27,21.89,IFCT2017:G031 | Group: Condiments and Spices
2026-05-30,Poppy seeds,IFCT 2017,Breakfast,100,g,422.6,20.31,12.37,30.38,26.68,25.35,646,1372,10.13,393,804,6.38,3.51,0,33.92,0.87,0.1,0.77,0.42,78.73,IFCT2017:G032 | Group: Condiments and Spices
2026-05-30,Turmeric powder,IFCT 2017,Breakfast,100,g,280.6,7.66,49.22,5.03,21.38,24.41,2374,122,46.08,260,276,2.64,55.2,0,18.67,0.06,0.01,1.55,0.13,13.86,IFCT2017:G033 | Group: Condiments and Spices
2026-05-30,Almond,IFCT 2017,Breakfast,100,g,609.2,18.41,3.04,58.49,13.06,1.5,699,228,4.59,318,446,3.5,0,0.74,1.61,0.15,0.26,3.71,0.09,36.46,IFCT2017:H001 | Group: Nuts and Oil Seeds
2026-05-30,"Arecanut, dried, brown",IFCT 2017,Breakfast,100,g,350.6,5.78,70.42,4.35,11.44,12.06,524,61,2.74,76.39,105,0.89,0,0,12.77,0.04,0.03,0.71,0.32,7.54,IFCT2017:H002 | Group: Nuts and Oil Seeds
2026-05-30,"Arecanut, dried, red color",IFCT 2017,Breakfast,100,g,353.0,6.46,70.27,4.46,11.11,17.13,617,51,3.26,91.01,127,1.02,0,0,12.6,0.03,0.24,0.8,0.21,8.57,IFCT2017:H003 | Group: Nuts and Oil Seeds
2026-05-30,"Arecanut, fresh",IFCT 2017,Breakfast,100,g,244.7,2.73,45,5.51,7.63,5.53,329,34.03,1.04,47.6,90.48,0.56,0,0,11.03,0.038,0.031,0.74,0.25,26.51,IFCT2017:H004 | Group: Nuts and Oil Seeds
2026-05-30,Cashew nut,IFCT 2017,Breakfast,100,g,582.7,18.78,25.46,45.2,3.86,9,635,34,5.95,307,500,5.34,0,0,3.85,0.61,0.03,1.03,0.16,25.2,IFCT2017:H005 | Group: Nuts and Oil Seeds
2026-05-30,"Coconut, kernel, dry",IFCT 2017,Breakfast,100,g,624.0,7.27,8.01,63.26,15.88,16.68,739,32,3.13,97.21,203,1.41,0,0,0,0.04,0.04,0.71,0.15,24.27,IFCT2017:H006 | Group: Nuts and Oil Seeds
2026-05-30,"Coconut, kernel, fresh",IFCT 2017,Breakfast,100,g,408.9,3.84,6.3,41.38,10.42,8.12,246,8,1.3,35,67.73,0.58,2.66,0.8,0,0.03,0.08,0.3,0.1,25.41,IFCT2017:H007 | Group: Nuts and Oil Seeds
2026-05-30,"Garden cress, seeds",IFCT 2017,Breakfast,100,g,445.3,23.36,33.66,23.74,8.27,21.84,952,318,17.2,307,539,4.83,0,0,1.92,0.52,0.15,5.67,0.05,30.92,IFCT2017:H008 | Group: Nuts and Oil Seeds
2026-05-30,"Gingelly seeds, black",IFCT 2017,Breakfast,100,g,507.6,19.17,10.29,43.1,17.16,15.91,480,1664,13.9,390,568,8.59,13.09,0,67.83,0.34,0.1,3.12,0.64,127,IFCT2017:H009 | Group: Nuts and Oil Seeds
2026-05-30,"Gingelly seeds, brown",IFCT 2017,Breakfast,100,g,516.5,21.61,9.76,43.22,17.21,11.94,491,1174,14.95,328,613,7.84,5.41,0,76.51,0.27,0.08,3.05,0.49,92.63,IFCT2017:H010 | Group: Nuts and Oil Seeds
2026-05-30,"Gingelly seeds, white",IFCT 2017,Breakfast,100,g,519.6,21.7,10.83,43.05,16.99,15.43,460,1283,15.04,372,754,7.77,12.94,0,62.74,0.36,0.07,3.94,0.62,131,IFCT2017:H011 | Group: Nuts and Oil Seeds
2026-05-30,Ground nut,IFCT 2017,Breakfast,100,g,520.1,23.65,17.27,39.63,10.38,12.21,679,54,3.44,197,391,3.18,22.75,0,7.1,0.57,0.12,11.35,0.23,90.87,IFCT2017:H012 | Group: Nuts and Oil Seeds
2026-05-30,Mustard seeds,IFCT 2017,Breakfast,100,g,509.6,19.51,16.8,40.19,14.1,3.97,694,402,13.49,266,715,4.03,36.72,0,31.79,0.55,0.33,3.8,0.24,94.88,IFCT2017:H013 | Group: Nuts and Oil Seeds
2026-05-30,Linseeds,IFCT 2017,Breakfast,100,g,443.8,18.55,10.99,35.67,26.17,32.93,655,257,5.44,349,445,4.86,1.05,0,0.55,0.28,0.05,1.09,0.35,86.5,IFCT2017:H014 | Group: Nuts and Oil Seeds
2026-05-30,"Niger seeds, black",IFCT 2017,Breakfast,100,g,512.4,18.92,22.98,38.61,10.93,10.7,716,572,18.19,346,461,4.98,2.15,0,2.52,0.46,0.23,1.14,0.45,140,IFCT2017:H015 | Group: Nuts and Oil Seeds
2026-05-30,"Niger seeds, grey",IFCT 2017,Breakfast,100,g,508.6,18.34,20.59,39.53,10.96,8.08,874,375,19.61,379,474,3.62,11.22,0,2.7,0.38,0.35,0.88,0.34,73.13,IFCT2017:H016 | Group: Nuts and Oil Seeds
2026-05-30,Pine seeds,IFCT 2017,Breakfast,100,g,594.2,12.55,26.77,48.79,3.79,1.31,686,17,4.5,268,618,4.18,1.98,0,0.61,0.36,0.08,3.52,0.11,31.64,IFCT2017:H017 | Group: Nuts and Oil Seeds
2026-05-30,Pistachio nuts,IFCT 2017,Breakfast,100,g,539.4,23.35,15.82,42.49,10.64,6.93,1053,135,4.5,149,537,2.42,110,0,1.8,0.98,0.04,0.86,0.96,64.9,IFCT2017:H018 | Group: Nuts and Oil Seeds
2026-05-30,Safflower seeds,IFCT 2017,Breakfast,100,g,473.5,17.66,30.18,30.87,13.49,3.05,550,211,4.06,321,644,3.9,2.07,0,1.91,0.85,0.15,1.12,0.93,82.41,IFCT2017:H019 | Group: Nuts and Oil Seeds
2026-05-30,Sunflower seeds,IFCT 2017,Breakfast,100,g,586.3,23.53,6.85,51.85,10.8,1.9,559,176,5.85,413,752,7.07,8.15,0,1.54,0.59,0.13,1.6,0.94,81.79,IFCT2017:H020 | Group: Nuts and Oil Seeds
2026-05-30,Walnut,IFCT 2017,Breakfast,100,g,671.4,14.92,10.14,64.27,5.39,1.33,457,105,3.21,180,400,2.94,14.47,0.88,46.31,0.4,0.12,0.86,0.8,57.95,IFCT2017:H021 | Group: Nuts and Oil Seeds
2026-05-30,"Jaggery, cane",IFCT 2017,Breakfast,100,g,353.7,1.85,84.87,0.16,0,25.38,488,107,4.63,115,74.53,0.45,0,0,0.47,0.04,0.01,0.02,0.71,14.4,IFCT2017:I001 | Group: Sugars
2026-05-30,"Sugarcane, juice",IFCT 2017,Breakfast,100,g,57.8,0.16,13.11,0.4,0.56,1.16,150,18,1.12,13.03,22.08,0.14,7.87,6.73,0.41,0.03,0.04,0.14,0.4,44.53,IFCT2017:I002 | Group: Sugars
2026-05-30,"Button mushroom, fresh",IFCT 2017,Breakfast,100,g,27.5,3.68,1.98,0.42,3.11,7.72,318,18.38,0.29,18.3,87.11,0.17,0,0,20.54,0.01,0.03,0.68,0.12,8.28,IFCT2017:J001 | Group: Mushrooms
2026-05-30,"Chicken mushroom, fresh",IFCT 2017,Breakfast,100,g,21.3,1.84,2.76,0.25,1.99,10.22,340,4.83,0.3,10.78,79.74,0.55,0,0.45,27.58,0.37,0.06,1.45,0.11,11.13,IFCT2017:J002 | Group: Mushrooms
2026-05-30,"Shiitake mushroom, fresh",IFCT 2017,Breakfast,100,g,58.1,3.19,8.98,0.76,3.02,9.3,323,5.3,1.93,24.47,96.36,1.21,0,0,36.4,0.05,0.16,1.92,0.45,10.92,IFCT2017:J003 | Group: Mushrooms
2026-05-30,"Oyster mushroom, dried",IFCT 2017,Breakfast,100,g,243.5,19.04,33.07,2.86,39.12,8.67,350,23.61,3.58,136,702,8.67,0,0,109,0.24,0.17,3.77,0.85,10.4,IFCT2017:J004 | Group: Mushrooms
2026-05-30,Toddy,IFCT 2017,Breakfast,100,g,24.1,0.18,5.72,0.03,0,1.64,83.54,0.44,0.42,3.99,5.82,0.01,0,0.92,0,0.01,0.27,0.35,0.03,0.73,IFCT2017:K001 | Group: Miscellaneous Foods
2026-05-30,Coconut water,IFCT 2017,Breakfast,100,g,15.3,0.26,3.16,0.16,0,28.09,215,27.47,0.06,18.19,18.05,0.04,0,0.64,0,0.01,0.01,0.04,0.06,10.88,IFCT2017:K002 | Group: Miscellaneous Foods
2026-05-30,"Milk, whole, Buffalo",IFCT 2017,Breakfast,100,g,107.3,3.68,8.39,6.58,0,30.1,109,121,0.16,10.05,86.94,0.3,8.42,2.37,1.63,0.05,0.13,0.07,0.04,8.57,IFCT2017:L001 | Group: Milk and Milk Products
2026-05-30,"Milk, whole, Cow",IFCT 2017,Breakfast,100,g,72.9,3.26,4.94,4.48,0,25.46,115,118,0.15,8.28,96.56,0.33,13.67,2.01,1.22,0.03,0.11,0.08,0.04,7.03,IFCT2017:L002 | Group: Milk and Milk Products
2026-05-30,Paneer,IFCT 2017,Breakfast,100,g,257.9,18.86,12.41,14.78,0,18.04,63.53,476,0.9,26.62,330,2.74,4.39,0,0.13,0.02,0.1,0.13,0.04,93.31,IFCT2017:L003 | Group: Milk and Milk Products
2026-05-30,Khoa,IFCT 2017,Breakfast,100,g,316.0,16.34,16.53,20.62,0,48.1,536,602,2.32,58.53,476,2.34,3.52,0,0.12,0.11,0.11,0.43,0.06,94.25,IFCT2017:L004 | Group: Milk and Milk Products
2026-05-30,Coconut oil,IFCT 2017,Breakfast,100,g,0.0,0,0,100,0,0,0,0,0,0,0,0,0,0,0,0,0,0,0,0,IFCT2017:T001 | Group: Edible Oils and Fats
2026-05-30,Corn oil,IFCT 2017,Breakfast,100,g,0.0,0,0,100.01,0,0,0,0,0,0,0,0,0,0,0,0,0,0,0,0,IFCT2017:T002 | Group: Edible Oils and Fats
2026-05-30,Cotton seed oil,IFCT 2017,Breakfast,100,g,0.0,0,0,99.99,0,0,0,0,0,0,0,0,0,0,0,0,0,0,0,0,IFCT2017:T003 | Group: Edible Oils and Fats
2026-05-30,Gingelly oil,IFCT 2017,Breakfast,100,g,0.0,0,0,100,0,0,0,0,0,0,0,0,0,0,0,0,0,0,0,0,IFCT2017:T004 | Group: Edible Oils and Fats
2026-05-30,Groundnut oil,IFCT 2017,Breakfast,100,g,0.0,0,0,100,0,0,0,0,0,0,0,0,0,0,0,0,0,0,0,0,IFCT2017:T005 | Group: Edible Oils and Fats
2026-05-30,Mustard oil,IFCT 2017,Breakfast,100,g,0.0,0,0,100,0,0,0,0,0,0,0,0,0,0,0,0,0,0,0,0,IFCT2017:T006 | Group: Edible Oils and Fats
2026-05-30,Palm oil,IFCT 2017,Breakfast,100,g,0.0,0,0,100,0,0,0,0,0,0,0,0,0,0,0,0,0,0,0,0,IFCT2017:T007 | Group: Edible Oils and Fats
2026-05-30,Rice bran oil,IFCT 2017,Breakfast,100,g,0.0,0,0,100,0,0,0,0,0,0,0,0,0,0,0,0,0,0,0,0,IFCT2017:T008 | Group: Edible Oils and Fats
2026-05-30,Safflower oil,IFCT 2017,Breakfast,100,g,0.0,0,0,100.01,0,0,0,0,0,0,0,0,0,0,0,0,0,0,0,0,IFCT2017:T009 | Group: Edible Oils and Fats
2026-05-30,Safflower oil (blended),IFCT 2017,Breakfast,100,g,0.0,0,0,100,0,0,0,0,0,0,0,0,0,0,0,0,0,0,0,0,IFCT2017:T010 | Group: Edible Oils and Fats
2026-05-30,Soyabean oil,IFCT 2017,Breakfast,100,g,0.0,0,0,100,0,0,0,0,0,0,0,0,0,0,0,0,0,0,0,0,IFCT2017:T011 | Group: Edible Oils and Fats
2026-05-30,Sunflower oil,IFCT 2017,Breakfast,100,g,0.0,0,0,100,0,0,0,0,0,0,0,0,0,0,0,0,0,0,0,0,IFCT2017:T012 | Group: Edible Oils and Fats
2026-05-30,Ghee,IFCT 2017,Breakfast,100,g,0.0,0,0,100,0,0,0,0,0,0,0,0,0,0,0,0,0,0,0,0,IFCT2017:T013 | Group: Edible Oils and Fats
2026-05-30,Vanaspati,IFCT 2017,Breakfast,100,g,0.0,0,0,100,0,0,0,0,0,0,0,0,0,0,0,0,0,0,0,0,IFCT2017:T014 | Group: Edible Oils and Fats
2026-05-30,Moong Dal Khichdi (Cooked),Homemade,Breakfast,100,g,115,4.2,19.8,2.1,2.5,240,,22,1.2,,,0.8,,1.5,,0.08,0.04,0.6,,35,"Traditional cooked rice and moong dal khichdi. Comfort food, easy to digest."
2026-05-30,Ragi Porridge (Cooked),Homemade,Breakfast,100,g,95,1.8,18.2,1.1,2.1,15,,86,1,,,0.5,,,,,,,,,"Finger millet porridge. High calcium champion, excellent for infant solid foods."
2026-05-30,Whole Wheat Roti (Cooked),Homemade,Breakfast,100,g,264,8.5,54,1.5,8.2,3,,35,3.2,,,2.1,,,,0.35,0.12,3.8,,28,Standard Indian flatbread cooked on tawa without ghee/oil.
2026-05-30,Palak Paneer (Cooked),Homemade,Breakfast,100,g,142,7.2,3.8,11.2,2.2,310,,210,1.8,,,1.1,340,12,,,,,,65,"Spinach curry with paneer. Rich in calcium, Vitamin A, and protein."
2026-05-30,Sprouted Moong Salad (Raw/Steamed),Homemade,Breakfast,100,g,128,8.8,21,0.6,4.5,12,,38,2.4,,,1.2,12,16,,0.18,0.15,1.2,,85,Sprouted whole green gram. Highly bioavailable vitamins and minerals due to germination.
